#pragma once
/*
    #version:1# (machine generated, don't edit!)

    Generated by sokol-shdc (https://github.com/floooh/sokol-tools)

    Cmdline:
        sokol-shdc --input shaders/planet.glsl --output shaders/planet.glsl.h --slang hlsl5:glsl430:glsl300es:metal_macos:wgsl

    Overview:
    =========
    Shader program: 'planet':
        Get shader desc: planet_shader_desc(sg_query_backend());
        Vertex Shader: planet_vs
        Fragment Shader: planet_fs
        Attributes:
            ATTR_planet_a_position => 0
            ATTR_planet_a_normal => 1
            ATTR_planet_a_color => 2
    Bindings:
        Uniform block 'planet_vs_params':
            C struct: planet_vs_params_t
            Bind slot: UB_planet_vs_params => 0
        Uniform block 'planet_fs_params':
            C struct: planet_fs_params_t
            Bind slot: UB_planet_fs_params => 1
*/
#if !defined(SOKOL_GFX_INCLUDED)
#error "Please include sokol_gfx.h before planet.glsl.h"
#endif
#if !defined(SOKOL_SHDC_ALIGN)
#if defined(_MSC_VER)
#define SOKOL_SHDC_ALIGN(a) __declspec(align(a))
#else
#define SOKOL_SHDC_ALIGN(a) __attribute__((aligned(a)))
#endif
#endif
#define ATTR_planet_a_position (0)
#define ATTR_planet_a_normal (1)
#define ATTR_planet_a_color (2)
#define UB_planet_vs_params (0)
#define UB_planet_fs_params (1)
#pragma pack(push,1)
SOKOL_SHDC_ALIGN(16) typedef struct planet_vs_params_t {
    HMM_Mat4 mvp;
    HMM_Vec4 camera_offset;
    HMM_Vec4 camera_offset_low;
    HMM_Vec4 log_depth;
} planet_vs_params_t;
#pragma pack(pop)
#pragma pack(push,1)
SOKOL_SHDC_ALIGN(16) typedef struct planet_fs_params_t {
    HMM_Vec4 sun_direction;
    HMM_Vec4 camera_pos;
    HMM_Vec4 atmos_params;
} planet_fs_params_t;
#pragma pack(pop)
/*
    #version 430

    uniform vec4 planet_vs_params[7];
    layout(location = 0) in vec3 a_position;
    layout(location = 0) out vec3 fs_normal;
    layout(location = 1) in vec3 a_normal;
    layout(location = 1) out vec3 fs_color;
    layout(location = 2) in vec3 a_color;
    layout(location = 2) out vec3 fs_cam_rel_pos;

    void main()
    {
        vec3 _29 = (a_position - planet_vs_params[4].xyz) - planet_vs_params[5].xyz;
        gl_Position = mat4(planet_vs_params[0], planet_vs_params[1], planet_vs_params[2], planet_vs_params[3]) * vec4(_29, 1.0);
        if (planet_vs_params[6].x > 0.0)
        {
            gl_Position.z = ((log2(max(9.9999999747524270787835121154785e-07, 1.0 + gl_Position.w)) * planet_vs_params[6].x) + planet_vs_params[6].z) * gl_Position.w;
        }
        fs_normal = a_normal;
        fs_color = a_color;
        fs_cam_rel_pos = _29;
    }

*/
static const uint8_t planet_vs_source_glsl430[806] = {
    0x23,0x76,0x65,0x72,0x73,0x69,0x6f,0x6e,0x20,0x34,0x33,0x30,0x0a,0x0a,0x75,0x6e,
    0x69,0x66,0x6f,0x72,0x6d,0x20,0x76,0x65,0x63,0x34,0x20,0x70,0x6c,0x61,0x6e,0x65,
    0x74,0x5f,0x76,0x73,0x5f,0x70,0x61,0x72,0x61,0x6d,0x73,0x5b,0x37,0x5d,0x3b,0x0a,
    0x6c,0x61,0x79,0x6f,0x75,0x74,0x28,0x6c,0x6f,0x63,0x61,0x74,0x69,0x6f,0x6e,0x20,
    0x3d,0x20,0x30,0x29,0x20,0x69,0x6e,0x20,0x76,0x65,0x63,0x33,0x20,0x61,0x5f,0x70,
    0x6f,0x73,0x69,0x74,0x69,0x6f,0x6e,0x3b,0x0a,0x6c,0x61,0x79,0x6f,0x75,0x74,0x28,
    0x6c,0x6f,0x63,0x61,0x74,0x69,0x6f,0x6e,0x20,0x3d,0x20,0x30,0x29,0x20,0x6f,0x75,
    0x74,0x20,0x76,0x65,0x63,0x33,0x20,0x66,0x73,0x5f,0x6e,0x6f,0x72,0x6d,0x61,0x6c,
    0x3b,0x0a,0x6c,0x61,0x79,0x6f,0x75,0x74,0x28,0x6c,0x6f,0x63,0x61,0x74,0x69,0x6f,
    0x6e,0x20,0x3d,0x20,0x31,0x29,0x20,0x69,0x6e,0x20,0x76,0x65,0x63,0x33,0x20,0x61,
    0x5f,0x6e,0x6f,0x72,0x6d,0x61,0x6c,0x3b,0x0a,0x6c,0x61,0x79,0x6f,0x75,0x74,0x28,
    0x6c,0x6f,0x63,0x61,0x74,0x69,0x6f,0x6e,0x20,0x3d,0x20,0x31,0x29,0x20,0x6f,0x75,
    0x74,0x20,0x76,0x65,0x63,0x33,0x20,0x66,0x73,0x5f,0x63,0x6f,0x6c,0x6f,0x72,0x3b,
    0x0a,0x6c,0x61,0x79,0x6f,0x75,0x74,0x28,0x6c,0x6f,0x63,0x61,0x74,0x69,0x6f,0x6e,
    0x20,0x3d,0x20,0x32,0x29,0x20,0x69,0x6e,0x20,0x76,0x65,0x63,0x33,0x20,0x61,0x5f,
    0x63,0x6f,0x6c,0x6f,0x72,0x3b,0x0a,0x6c,0x61,0x79,0x6f,0x75,0x74,0x28,0x6c,0x6f,
    0x63,0x61,0x74,0x69,0x6f,0x6e,0x20,0x3d,0x20,0x32,0x29,0x20,0x6f,0x75,0x74,0x20,
    0x76,0x65,0x63,0x33,0x20,0x66,0x73,0x5f,0x63,0x61,0x6d,0x5f,0x72,0x65,0x6c,0x5f,
    0x70,0x6f,0x73,0x3b,0x0a,0x0a,0x76,0x6f,0x69,0x64,0x20,0x6d,0x61,0x69,0x6e,0x28,
    0x29,0x0a,0x7b,0x0a,0x20,0x20,0x20,0x20,0x76,0x65,0x63,0x33,0x20,0x5f,0x32,0x39,
    0x20,0x3d,0x20,0x28,0x61,0x5f,0x70,0x6f,0x73,0x69,0x74,0x69,0x6f,0x6e,0x20,0x2d,
    0x20,0x70,0x6c,0x61,0x6e,0x65,0x74,0x5f,0x76,0x73,0x5f,0x70,0x61,0x72,0x61,0x6d,
    0x73,0x5b,0x34,0x5d,0x2e,0x78,0x79,0x7a,0x29,0x20,0x2d,0x20,0x70,0x6c,0x61,0x6e,
    0x65,0x74,0x5f,0x76,0x73,0x5f,0x70,0x61,0x72,0x61,0x6d,0x73,0x5b,0x35,0x5d,0x2e,
    0x78,0x79,0x7a,0x3b,0x0a,0x20,0x20,0x20,0x20,0x67,0x6c,0x5f,0x50,0x6f,0x73,0x69,
    0x74,0x69,0x6f,0x6e,0x20,0x3d,0x20,0x6d,0x61,0x74,0x34,0x28,0x70,0x6c,0x61,0x6e,
    0x65,0x74,0x5f,0x76,0x73,0x5f,0x70,0x61,0x72,0x61,0x6d,0x73,0x5b,0x30,0x5d,0x2c,
    0x20,0x70,0x6c,0x61,0x6e,0x65,0x74,0x5f,0x76,0x73,0x5f,0x70,0x61,0x72,0x61,0x6d,
    0x73,0x5b,0x31,0x5d,0x2c,0x20,0x70,0x6c,0x61,0x6e,0x65,0x74,0x5f,0x76,0x73,0x5f,
    0x70,0x61,0x72,0x61,0x6d,0x73,0x5b,0x32,0x5d,0x2c,0x20,0x70,0x6c,0x61,0x6e,0x65,
    0x74,0x5f,0x76,0x73,0x5f,0x70,0x61,0x72,0x61,0x6d,0x73,0x5b,0x33,0x5d,0x29,0x20,
    0x2a,0x20,0x76,0x65,0x63,0x34,0x28,0x5f,0x32,0x39,0x2c,0x20,0x31,0x2e,0x30,0x29,
    0x3b,0x0a,0x20,0x20,0x20,0x20,0x69,0x66,0x20,0x28,0x70,0x6c,0x61,0x6e,0x65,0x74,
    0x5f,0x76,0x73,0x5f,0x70,0x61,0x72,0x61,0x6d,0x73,0x5b,0x36,0x5d,0x2e,0x78,0x20,
    0x3e,0x20,0x30,0x2e,0x30,0x29,0x0a,0x20,0x20,0x20,0x20,0x7b,0x0a,0x20,0x20,0x20,
    0x20,0x20,0x20,0x20,0x20,0x67,0x6c,0x5f,0x50,0x6f,0x73,0x69,0x74,0x69,0x6f,0x6e,
    0x2e,0x7a,0x20,0x3d,0x20,0x28,0x28,0x6c,0x6f,0x67,0x32,0x28,0x6d,0x61,0x78,0x28,
    0x39,0x2e,0x39,0x39,0x39,0x39,0x39,0x39,0x39,0x37,0x34,0x37,0x35,0x32,0x34,0x32,
    0x37,0x30,0x37,0x38,0x37,0x38,0x33,0x35,0x31,0x32,0x31,0x31,0x35,0x34,0x37,0x38,
    0x35,0x65,0x2d,0x30,0x37,0x2c,0x20,0x31,0x2e,0x30,0x20,0x2b,0x20,0x67,0x6c,0x5f,
    0x50,0x6f,0x73,0x69,0x74,0x69,0x6f,0x6e,0x2e,0x77,0x29,0x29,0x20,0x2a,0x20,0x70,
    0x6c,0x61,0x6e,0x65,0x74,0x5f,0x76,0x73,0x5f,0x70,0x61,0x72,0x61,0x6d,0x73,0x5b,
    0x36,0x5d,0x2e,0x78,0x29,0x20,0x2b,0x20,0x70,0x6c,0x61,0x6e,0x65,0x74,0x5f,0x76,
    0x73,0x5f,0x70,0x61,0x72,0x61,0x6d,0x73,0x5b,0x36,0x5d,0x2e,0x7a,0x29,0x20,0x2a,
    0x20,0x67,0x6c,0x5f,0x50,0x6f,0x73,0x69,0x74,0x69,0x6f,0x6e,0x2e,0x77,0x3b,0x0a,
    0x20,0x20,0x20,0x20,0x7d,0x0a,0x20,0x20,0x20,0x20,0x66,0x73,0x5f,0x6e,0x6f,0x72,
    0x6d,0x61,0x6c,0x20,0x3d,0x20,0x61,0x5f,0x6e,0x6f,0x72,0x6d,0x61,0x6c,0x3b,0x0a,
    0x20,0x20,0x20,0x20,0x66,0x73,0x5f,0x63,0x6f,0x6c,0x6f,0x72,0x20,0x3d,0x20,0x61,
    0x5f,0x63,0x6f,0x6c,0x6f,0x72,0x3b,0x0a,0x20,0x20,0x20,0x20,0x66,0x73,0x5f,0x63,
    0x61,0x6d,0x5f,0x72,0x65,0x6c,0x5f,0x70,0x6f,0x73,0x20,0x3d,0x20,0x5f,0x32,0x39,
    0x3b,0x0a,0x7d,0x0a,0x0a,0x00,
};
/*
    #version 430

    uniform vec4 planet_fs_params[3];
    layout(location = 0) in vec3 fs_normal;
    layout(location = 2) in vec3 fs_cam_rel_pos;
    layout(location = 1) in vec3 fs_color;
    layout(location = 0) out vec4 frag_color;

    void main()
    {
        vec3 _13 = normalize(fs_normal);
        float _43 = dot(_13, normalize(planet_fs_params[0].xyz));
        float _48 = smoothstep(-0.100000001490116119384765625, 0.300000011920928955078125, _43);
        float _59 = mix(0.449999988079071044921875, 1.0, smoothstep(-0.100000001490116119384765625, 0.5, dot(_13, normalize(planet_fs_params[1].xyz + fs_cam_rel_pos))));
        vec3 _98 = ((((fs_color * max(0.0, _43)) * _48) * _59) + (vec3(pow(1.0 - max(0.0, dot(normalize(-fs_cam_rel_pos), _13)), 3.0) * 0.119999997317790985107421875) * _48)) + ((fs_color * 0.07999999821186065673828125) * _59);
        vec3 color = mix(vec3(dot(_98, vec3(0.2989999949932098388671875, 0.58700001239776611328125, 0.114000000059604644775390625))), _98, vec3(1.0 - (_48 * 0.300000011920928955078125)));
        float _137 = length(planet_fs_params[1].xyz) - planet_fs_params[2].x;
        float _141 = planet_fs_params[2].y - planet_fs_params[2].x;
        if (_137 < _141)
        {
            color = mix(color, (vec3(0.4000000059604644775390625, 0.60000002384185791015625, 1.0) * _48) * 0.5, vec3(clamp(1.0 - exp(((-length(fs_cam_rel_pos)) * exp((-_137) / (_141 * 0.1500000059604644775390625))) * 1.9999999494757503271102905273438e-05), 0.0, 0.85000002384185791015625)));
        }
        frag_color = vec4(color, 1.0);
    }

*/
static const uint8_t planet_fs_source_glsl430[1493] = {
    0x23,0x76,0x65,0x72,0x73,0x69,0x6f,0x6e,0x20,0x34,0x33,0x30,0x0a,0x0a,0x75,0x6e,
    0x69,0x66,0x6f,0x72,0x6d,0x20,0x76,0x65,0x63,0x34,0x20,0x70,0x6c,0x61,0x6e,0x65,
    0x74,0x5f,0x66,0x73,0x5f,0x70,0x61,0x72,0x61,0x6d,0x73,0x5b,0x33,0x5d,0x3b,0x0a,
    0x6c,0x61,0x79,0x6f,0x75,0x74,0x28,0x6c,0x6f,0x63,0x61,0x74,0x69,0x6f,0x6e,0x20,
    0x3d,0x20,0x30,0x29,0x20,0x69,0x6e,0x20,0x76,0x65,0x63,0x33,0x20,0x66,0x73,0x5f,
    0x6e,0x6f,0x72,0x6d,0x61,0x6c,0x3b,0x0a,0x6c,0x61,0x79,0x6f,0x75,0x74,0x28,0x6c,
    0x6f,0x63,0x61,0x74,0x69,0x6f,0x6e,0x20,0x3d,0x20,0x32,0x29,0x20,0x69,0x6e,0x20,
    0x76,0x65,0x63,0x33,0x20,0x66,0x73,0x5f,0x63,0x61,0x6d,0x5f,0x72,0x65,0x6c,0x5f,
    0x70,0x6f,0x73,0x3b,0x0a,0x6c,0x61,0x79,0x6f,0x75,0x74,0x28,0x6c,0x6f,0x63,0x61,
    0x74,0x69,0x6f,0x6e,0x20,0x3d,0x20,0x31,0x29,0x20,0x69,0x6e,0x20,0x76,0x65,0x63,
    0x33,0x20,0x66,0x73,0x5f,0x63,0x6f,0x6c,0x6f,0x72,0x3b,0x0a,0x6c,0x61,0x79,0x6f,
    0x75,0x74,0x28,0x6c,0x6f,0x63,0x61,0x74,0x69,0x6f,0x6e,0x20,0x3d,0x20,0x30,0x29,
    0x20,0x6f,0x75,0x74,0x20,0x76,0x65,0x63,0x34,0x20,0x66,0x72,0x61,0x67,0x5f,0x63,
    0x6f,0x6c,0x6f,0x72,0x3b,0x0a,0x0a,0x76,0x6f,0x69,0x64,0x20,0x6d,0x61,0x69,0x6e,
    0x28,0x29,0x0a,0x7b,0x0a,0x20,0x20,0x20,0x20,0x76,0x65,0x63,0x33,0x20,0x5f,0x31,
    0x33,0x20,0x3d,0x20,0x6e,0x6f,0x72,0x6d,0x61,0x6c,0x69,0x7a,0x65,0x28,0x66,0x73,
    0x5f,0x6e,0x6f,0x72,0x6d,0x61,0x6c,0x29,0x3b,0x0a,0x20,0x20,0x20,0x20,0x66,0x6c,
    0x6f,0x61,0x74,0x20,0x5f,0x34,0x33,0x20,0x3d,0x20,0x64,0x6f,0x74,0x28,0x5f,0x31,
    0x33,0x2c,0x20,0x6e,0x6f,0x72,0x6d,0x61,0x6c,0x69,0x7a,0x65,0x28,0x70,0x6c,0x61,
    0x6e,0x65,0x74,0x5f,0x66,0x73,0x5f,0x70,0x61,0x72,0x61,0x6d,0x73,0x5b,0x30,0x5d,
    0x2e,0x78,0x79,0x7a,0x29,0x29,0x3b,0x0a,0x20,0x20,0x20,0x20,0x66,0x6c,0x6f,0x61,
    0x74,0x20,0x5f,0x34,0x38,0x20,0x3d,0x20,0x73,0x6d,0x6f,0x6f,0x74,0x68,0x73,0x74,
    0x65,0x70,0x28,0x2d,0x30,0x2e,0x31,0x30,0x30,0x30,0x30,0x30,0x30,0x30,0x31,0x34,
    0x39,0x30,0x31,0x31,0x36,0x31,0x31,0x39,0x33,0x38,0x34,0x37,0x36,0x35,0x36,0x32,
    0x35,0x2c,0x20,0x30,0x2e,0x33,0x30,0x30,0x30,0x30,0x30,0x30,0x31,0x31,0x39,0x32,
    0x30,0x39,0x32,0x38,0x39,0x35,0x35,0x30,0x37,0x38,0x31,0x32,0x35,0x2c,0x20,0x5f,
    0x34,0x33,0x29,0x3b,0x0a,0x20,0x20,0x20,0x20,0x66,0x6c,0x6f,0x61,0x74,0x20,0x5f,
    0x35,0x39,0x20,0x3d,0x20,0x6d,0x69,0x78,0x28,0x30,0x2e,0x34,0x34,0x39,0x39,0x39,
    0x39,0x39,0x38,0x38,0x30,0x37,0x39,0x30,0x37,0x31,0x30,0x34,0x34,0x39,0x32,0x31,
    0x38,0x37,0x35,0x2c,0x20,0x31,0x2e,0x30,0x2c,0x20,0x73,0x6d,0x6f,0x6f,0x74,0x68,
    0x73,0x74,0x65,0x70,0x28,0x2d,0x30,0x2e,0x31,0x30,0x30,0x30,0x30,0x30,0x30,0x30,
    0x31,0x34,0x39,0x30,0x31,0x31,0x36,0x31,0x31,0x39,0x33,0x38,0x34,0x37,0x36,0x35,
    0x36,0x32,0x35,0x2c,0x20,0x30,0x2e,0x35,0x2c,0x20,0x64,0x6f,0x74,0x28,0x5f,0x31,
    0x33,0x2c,0x20,0x6e,0x6f,0x72,0x6d,0x61,0x6c,0x69,0x7a,0x65,0x28,0x70,0x6c,0x61,
    0x6e,0x65,0x74,0x5f,0x66,0x73,0x5f,0x70,0x61,0x72,0x61,0x6d,0x73,0x5b,0x31,0x5d,
    0x2e,0x78,0x79,0x7a,0x20,0x2b,0x20,0x66,0x73,0x5f,0x63,0x61,0x6d,0x5f,0x72,0x65,
    0x6c,0x5f,0x70,0x6f,0x73,0x29,0x29,0x29,0x29,0x3b,0x0a,0x20,0x20,0x20,0x20,0x76,
    0x65,0x63,0x33,0x20,0x5f,0x39,0x38,0x20,0x3d,0x20,0x28,0x28,0x28,0x28,0x66,0x73,
    0x5f,0x63,0x6f,0x6c,0x6f,0x72,0x20,0x2a,0x20,0x6d,0x61,0x78,0x28,0x30,0x2e,0x30,
    0x2c,0x20,0x5f,0x34,0x33,0x29,0x29,0x20,0x2a,0x20,0x5f,0x34,0x38,0x29,0x20,0x2a,
    0x20,0x5f,0x35,0x39,0x29,0x20,0x2b,0x20,0x28,0x76,0x65,0x63,0x33,0x28,0x70,0x6f,
    0x77,0x28,0x31,0x2e,0x30,0x20,0x2d,0x20,0x6d,0x61,0x78,0x28,0x30,0x2e,0x30,0x2c,
    0x20,0x64,0x6f,0x74,0x28,0x6e,0x6f,0x72,0x6d,0x61,0x6c,0x69,0x7a,0x65,0x28,0x2d,
    0x66,0x73,0x5f,0x63,0x61,0x6d,0x5f,0x72,0x65,0x6c,0x5f,0x70,0x6f,0x73,0x29,0x2c,
    0x20,0x5f,0x31,0x33,0x29,0x29,0x2c,0x20,0x33,0x2e,0x30,0x29,0x20,0x2a,0x20,0x30,
    0x2e,0x31,0x31,0x39,0x39,0x39,0x39,0x39,0x39,0x37,0x33,0x31,0x37,0x37,0x39,0x30,
    0x39,0x38,0x35,0x31,0x30,0x37,0x34,0x32,0x31,0x38,0x37,0x35,0x29,0x20,0x2a,0x20,
    0x5f,0x34,0x38,0x29,0x29,0x20,0x2b,0x20,0x28,0x28,0x66,0x73,0x5f,0x63,0x6f,0x6c,
    0x6f,0x72,0x20,0x2a,0x20,0x30,0x2e,0x30,0x37,0x39,0x39,0x39,0x39,0x39,0x39,0x38,
    0x32,0x31,0x31,0x38,0x36,0x30,0x36,0x35,0x36,0x37,0x33,0x38,0x32,0x38,0x31,0x32,
    0x35,0x29,0x20,0x2a,0x20,0x5f,0x35,0x39,0x29,0x3b,0x0a,0x20,0x20,0x20,0x20,0x76,
    0x65,0x63,0x33,0x20,0x63,0x6f,0x6c,0x6f,0x72,0x20,0x3d,0x20,0x6d,0x69,0x78,0x28,
    0x76,0x65,0x63,0x33,0x28,0x64,0x6f,0x74,0x28,0x5f,0x39,0x38,0x2c,0x20,0x76,0x65,
    0x63,0x33,0x28,0x30,0x2e,0x32,0x39,0x38,0x39,0x39,0x39,0x39,0x39,0x34,0x39,0x39,
    0x33,0x32,0x30,0x39,0x38,0x33,0x38,0x38,0x36,0x37,0x31,0x38,0x37,0x35,0x2c,0x20,
    0x30,0x2e,0x35,0x38,0x37,0x30,0x30,0x30,0x30,0x31,0x32,0x33,0x39,0x37,0x37,0x36,
    0x36,0x31,0x31,0x33,0x32,0x38,0x31,0x32,0x35,0x2c,0x20,0x30,0x2e,0x31,0x31,0x34,
    0x30,0x30,0x30,0x30,0x30,0x30,0x30,0x35,0x39,0x36,0x30,0x34,0x36,0x34,0x34,0x37,
    0x37,0x35,0x33,0x39,0x30,0x36,0x32,0x35,0x29,0x29,0x29,0x2c,0x20,0x5f,0x39,0x38,
    0x2c,0x20,0x76,0x65,0x63,0x33,0x28,0x31,0x2e,0x30,0x20,0x2d,0x20,0x28,0x5f,0x34,
    0x38,0x20,0x2a,0x20,0x30,0x2e,0x33,0x30,0x30,0x30,0x30,0x30,0x30,0x31,0x31,0x39,
    0x32,0x30,0x39,0x32,0x38,0x39,0x35,0x35,0x30,0x37,0x38,0x31,0x32,0x35,0x29,0x29,
    0x29,0x3b,0x0a,0x20,0x20,0x20,0x20,0x66,0x6c,0x6f,0x61,0x74,0x20,0x5f,0x31,0x33,
    0x37,0x20,0x3d,0x20,0x6c,0x65,0x6e,0x67,0x74,0x68,0x28,0x70,0x6c,0x61,0x6e,0x65,
    0x74,0x5f,0x66,0x73,0x5f,0x70,0x61,0x72,0x61,0x6d,0x73,0x5b,0x31,0x5d,0x2e,0x78,
    0x79,0x7a,0x29,0x20,0x2d,0x20,0x70,0x6c,0x61,0x6e,0x65,0x74,0x5f,0x66,0x73,0x5f,
    0x70,0x61,0x72,0x61,0x6d,0x73,0x5b,0x32,0x5d,0x2e,0x78,0x3b,0x0a,0x20,0x20,0x20,
    0x20,0x66,0x6c,0x6f,0x61,0x74,0x20,0x5f,0x31,0x34,0x31,0x20,0x3d,0x20,0x70,0x6c,
    0x61,0x6e,0x65,0x74,0x5f,0x66,0x73,0x5f,0x70,0x61,0x72,0x61,0x6d,0x73,0x5b,0x32,
    0x5d,0x2e,0x79,0x20,0x2d,0x20,0x70,0x6c,0x61,0x6e,0x65,0x74,0x5f,0x66,0x73,0x5f,
    0x70,0x61,0x72,0x61,0x6d,0x73,0x5b,0x32,0x5d,0x2e,0x78,0x3b,0x0a,0x20,0x20,0x20,
    0x20,0x69,0x66,0x20,0x28,0x5f,0x31,0x33,0x37,0x20,0x3c,0x20,0x5f,0x31,0x34,0x31,
    0x29,0x0a,0x20,0x20,0x20,0x20,0x7b,0x0a,0x20,0x20,0x20,0x20,0x20,0x20,0x20,0x20,
    0x63,0x6f,0x6c,0x6f,0x72,0x20,0x3d,0x20,0x6d,0x69,0x78,0x28,0x63,0x6f,0x6c,0x6f,
    0x72,0x2c,0x20,0x28,0x76,0x65,0x63,0x33,0x28,0x30,0x2e,0x34,0x30,0x30,0x30,0x30,
    0x30,0x30,0x30,0x35,0x39,0x36,0x30,0x34,0x36,0x34,0x34,0x37,0x37,0x35,0x33,0x39,
    0x30,0x36,0x32,0x35,0x2c,0x20,0x30,0x2e,0x36,0x30,0x30,0x30,0x30,0x30,0x30,0x32,
    0x33,0x38,0x34,0x31,0x38,0x35,0x37,0x39,0x31,0x30,0x31,0x35,0x36,0x32,0x35,0x2c,
    0x20,0x31,0x2e,0x30,0x29,0x20,0x2a,0x20,0x5f,0x34,0x38,0x29,0x20,0x2a,0x20,0x30,
    0x2e,0x35,0x2c,0x20,0x76,0x65,0x63,0x33,0x28,0x63,0x6c,0x61,0x6d,0x70,0x28,0x31,
    0x2e,0x30,0x20,0x2d,0x20,0x65,0x78,0x70,0x28,0x28,0x28,0x2d,0x6c,0x65,0x6e,0x67,
    0x74,0x68,0x28,0x66,0x73,0x5f,0x63,0x61,0x6d,0x5f,0x72,0x65,0x6c,0x5f,0x70,0x6f,
    0x73,0x29,0x29,0x20,0x2a,0x20,0x65,0x78,0x70,0x28,0x28,0x2d,0x5f,0x31,0x33,0x37,
    0x29,0x20,0x2f,0x20,0x28,0x5f,0x31,0x34,0x31,0x20,0x2a,0x20,0x30,0x2e,0x31,0x35,
    0x30,0x30,0x30,0x30,0x30,0x30,0x35,0x39,0x36,0x30,0x34,0x36,0x34,0x34,0x37,0x37,
    0x35,0x33,0x39,0x30,0x36,0x32,0x35,0x29,0x29,0x29,0x20,0x2a,0x20,0x31,0x2e,0x39,
    0x39,0x39,0x39,0x39,0x39,0x39,0x34,0x39,0x34,0x37,0x35,0x37,0x35,0x30,0x33,0x32,
    0x37,0x31,0x31,0x30,0x32,0x39,0x30,0x35,0x32,0x37,0x33,0x34,0x33,0x38,0x65,0x2d,
    0x30,0x35,0x29,0x2c,0x20,0x30,0x2e,0x30,0x2c,0x20,0x30,0x2e,0x38,0x35,0x30,0x30,
    0x30,0x30,0x30,0x32,0x33,0x38,0x34,0x31,0x38,0x35,0x37,0x39,0x31,0x30,0x31,0x35,
    0x36,0x32,0x35,0x29,0x29,0x29,0x3b,0x0a,0x20,0x20,0x20,0x20,0x7d,0x0a,0x20,0x20,
    0x20,0x20,0x66,0x72,0x61,0x67,0x5f,0x63,0x6f,0x6c,0x6f,0x72,0x20,0x3d,0x20,0x76,
    0x65,0x63,0x34,0x28,0x63,0x6f,0x6c,0x6f,0x72,0x2c,0x20,0x31,0x2e,0x30,0x29,0x3b,
    0x0a,0x7d,0x0a,0x0a,0x00,
};
/*
    #version 300 es

    uniform vec4 planet_vs_params[7];
    layout(location = 0) in vec3 a_position;
    out vec3 fs_normal;
    layout(location = 1) in vec3 a_normal;
    out vec3 fs_color;
    layout(location = 2) in vec3 a_color;
    out vec3 fs_cam_rel_pos;

    void main()
    {
        vec3 _29 = (a_position - planet_vs_params[4].xyz) - planet_vs_params[5].xyz;
        gl_Position = mat4(planet_vs_params[0], planet_vs_params[1], planet_vs_params[2], planet_vs_params[3]) * vec4(_29, 1.0);
        if (planet_vs_params[6].x > 0.0)
        {
            gl_Position.z = ((log2(max(9.9999999747524270787835121154785e-07, 1.0 + gl_Position.w)) * planet_vs_params[6].x) + planet_vs_params[6].z) * gl_Position.w;
        }
        fs_normal = a_normal;
        fs_color = a_color;
        fs_cam_rel_pos = _29;
    }

*/
static const uint8_t planet_vs_source_glsl300es[746] = {
    0x23,0x76,0x65,0x72,0x73,0x69,0x6f,0x6e,0x20,0x33,0x30,0x30,0x20,0x65,0x73,0x0a,
    0x0a,0x75,0x6e,0x69,0x66,0x6f,0x72,0x6d,0x20,0x76,0x65,0x63,0x34,0x20,0x70,0x6c,
    0x61,0x6e,0x65,0x74,0x5f,0x76,0x73,0x5f,0x70,0x61,0x72,0x61,0x6d,0x73,0x5b,0x37,
    0x5d,0x3b,0x0a,0x6c,0x61,0x79,0x6f,0x75,0x74,0x28,0x6c,0x6f,0x63,0x61,0x74,0x69,
    0x6f,0x6e,0x20,0x3d,0x20,0x30,0x29,0x20,0x69,0x6e,0x20,0x76,0x65,0x63,0x33,0x20,
    0x61,0x5f,0x70,0x6f,0x73,0x69,0x74,0x69,0x6f,0x6e,0x3b,0x0a,0x6f,0x75,0x74,0x20,
    0x76,0x65,0x63,0x33,0x20,0x66,0x73,0x5f,0x6e,0x6f,0x72,0x6d,0x61,0x6c,0x3b,0x0a,
    0x6c,0x61,0x79,0x6f,0x75,0x74,0x28,0x6c,0x6f,0x63,0x61,0x74,0x69,0x6f,0x6e,0x20,
    0x3d,0x20,0x31,0x29,0x20,0x69,0x6e,0x20,0x76,0x65,0x63,0x33,0x20,0x61,0x5f,0x6e,
    0x6f,0x72,0x6d,0x61,0x6c,0x3b,0x0a,0x6f,0x75,0x74,0x20,0x76,0x65,0x63,0x33,0x20,
    0x66,0x73,0x5f,0x63,0x6f,0x6c,0x6f,0x72,0x3b,0x0a,0x6c,0x61,0x79,0x6f,0x75,0x74,
    0x28,0x6c,0x6f,0x63,0x61,0x74,0x69,0x6f,0x6e,0x20,0x3d,0x20,0x32,0x29,0x20,0x69,
    0x6e,0x20,0x76,0x65,0x63,0x33,0x20,0x61,0x5f,0x63,0x6f,0x6c,0x6f,0x72,0x3b,0x0a,
    0x6f,0x75,0x74,0x20,0x76,0x65,0x63,0x33,0x20,0x66,0x73,0x5f,0x63,0x61,0x6d,0x5f,
    0x72,0x65,0x6c,0x5f,0x70,0x6f,0x73,0x3b,0x0a,0x0a,0x76,0x6f,0x69,0x64,0x20,0x6d,
    0x61,0x69,0x6e,0x28,0x29,0x0a,0x7b,0x0a,0x20,0x20,0x20,0x20,0x76,0x65,0x63,0x33,
    0x20,0x5f,0x32,0x39,0x20,0x3d,0x20,0x28,0x61,0x5f,0x70,0x6f,0x73,0x69,0x74,0x69,
    0x6f,0x6e,0x20,0x2d,0x20,0x70,0x6c,0x61,0x6e,0x65,0x74,0x5f,0x76,0x73,0x5f,0x70,
    0x61,0x72,0x61,0x6d,0x73,0x5b,0x34,0x5d,0x2e,0x78,0x79,0x7a,0x29,0x20,0x2d,0x20,
    0x70,0x6c,0x61,0x6e,0x65,0x74,0x5f,0x76,0x73,0x5f,0x70,0x61,0x72,0x61,0x6d,0x73,
    0x5b,0x35,0x5d,0x2e,0x78,0x79,0x7a,0x3b,0x0a,0x20,0x20,0x20,0x20,0x67,0x6c,0x5f,
    0x50,0x6f,0x73,0x69,0x74,0x69,0x6f,0x6e,0x20,0x3d,0x20,0x6d,0x61,0x74,0x34,0x28,
    0x70,0x6c,0x61,0x6e,0x65,0x74,0x5f,0x76,0x73,0x5f,0x70,0x61,0x72,0x61,0x6d,0x73,
    0x5b,0x30,0x5d,0x2c,0x20,0x70,0x6c,0x61,0x6e,0x65,0x74,0x5f,0x76,0x73,0x5f,0x70,
    0x61,0x72,0x61,0x6d,0x73,0x5b,0x31,0x5d,0x2c,0x20,0x70,0x6c,0x61,0x6e,0x65,0x74,
    0x5f,0x76,0x73,0x5f,0x70,0x61,0x72,0x61,0x6d,0x73,0x5b,0x32,0x5d,0x2c,0x20,0x70,
    0x6c,0x61,0x6e,0x65,0x74,0x5f,0x76,0x73,0x5f,0x70,0x61,0x72,0x61,0x6d,0x73,0x5b,
    0x33,0x5d,0x29,0x20,0x2a,0x20,0x76,0x65,0x63,0x34,0x28,0x5f,0x32,0x39,0x2c,0x20,
    0x31,0x2e,0x30,0x29,0x3b,0x0a,0x20,0x20,0x20,0x20,0x69,0x66,0x20,0x28,0x70,0x6c,
    0x61,0x6e,0x65,0x74,0x5f,0x76,0x73,0x5f,0x70,0x61,0x72,0x61,0x6d,0x73,0x5b,0x36,
    0x5d,0x2e,0x78,0x20,0x3e,0x20,0x30,0x2e,0x30,0x29,0x0a,0x20,0x20,0x20,0x20,0x7b,
    0x0a,0x20,0x20,0x20,0x20,0x20,0x20,0x20,0x20,0x67,0x6c,0x5f,0x50,0x6f,0x73,0x69,
    0x74,0x69,0x6f,0x6e,0x2e,0x7a,0x20,0x3d,0x20,0x28,0x28,0x6c,0x6f,0x67,0x32,0x28,
    0x6d,0x61,0x78,0x28,0x39,0x2e,0x39,0x39,0x39,0x39,0x39,0x39,0x39,0x37,0x34,0x37,
    0x35,0x32,0x34,0x32,0x37,0x30,0x37,0x38,0x37,0x38,0x33,0x35,0x31,0x32,0x31,0x31,
    0x35,0x34,0x37,0x38,0x35,0x65,0x2d,0x30,0x37,0x2c,0x20,0x31,0x2e,0x30,0x20,0x2b,
    0x20,0x67,0x6c,0x5f,0x50,0x6f,0x73,0x69,0x74,0x69,0x6f,0x6e,0x2e,0x77,0x29,0x29,
    0x20,0x2a,0x20,0x70,0x6c,0x61,0x6e,0x65,0x74,0x5f,0x76,0x73,0x5f,0x70,0x61,0x72,
    0x61,0x6d,0x73,0x5b,0x36,0x5d,0x2e,0x78,0x29,0x20,0x2b,0x20,0x70,0x6c,0x61,0x6e,
    0x65,0x74,0x5f,0x76,0x73,0x5f,0x70,0x61,0x72,0x61,0x6d,0x73,0x5b,0x36,0x5d,0x2e,
    0x7a,0x29,0x20,0x2a,0x20,0x67,0x6c,0x5f,0x50,0x6f,0x73,0x69,0x74,0x69,0x6f,0x6e,
    0x2e,0x77,0x3b,0x0a,0x20,0x20,0x20,0x20,0x7d,0x0a,0x20,0x20,0x20,0x20,0x66,0x73,
    0x5f,0x6e,0x6f,0x72,0x6d,0x61,0x6c,0x20,0x3d,0x20,0x61,0x5f,0x6e,0x6f,0x72,0x6d,
    0x61,0x6c,0x3b,0x0a,0x20,0x20,0x20,0x20,0x66,0x73,0x5f,0x63,0x6f,0x6c,0x6f,0x72,
    0x20,0x3d,0x20,0x61,0x5f,0x63,0x6f,0x6c,0x6f,0x72,0x3b,0x0a,0x20,0x20,0x20,0x20,
    0x66,0x73,0x5f,0x63,0x61,0x6d,0x5f,0x72,0x65,0x6c,0x5f,0x70,0x6f,0x73,0x20,0x3d,
    0x20,0x5f,0x32,0x39,0x3b,0x0a,0x7d,0x0a,0x0a,0x00,
};
/*
    #version 300 es
    precision mediump float;
    precision highp int;

    uniform highp vec4 planet_fs_params[3];
    in highp vec3 fs_normal;
    in highp vec3 fs_cam_rel_pos;
    in highp vec3 fs_color;
    layout(location = 0) out highp vec4 frag_color;

    void main()
    {
        highp vec3 _13 = normalize(fs_normal);
        highp float _43 = dot(_13, normalize(planet_fs_params[0].xyz));
        highp float _48 = smoothstep(-0.100000001490116119384765625, 0.300000011920928955078125, _43);
        highp float _59 = mix(0.449999988079071044921875, 1.0, smoothstep(-0.100000001490116119384765625, 0.5, dot(_13, normalize(planet_fs_params[1].xyz + fs_cam_rel_pos))));
        highp vec3 _98 = ((((fs_color * max(0.0, _43)) * _48) * _59) + (vec3(pow(1.0 - max(0.0, dot(normalize(-fs_cam_rel_pos), _13)), 3.0) * 0.119999997317790985107421875) * _48)) + ((fs_color * 0.07999999821186065673828125) * _59);
        highp vec3 color = mix(vec3(dot(_98, vec3(0.2989999949932098388671875, 0.58700001239776611328125, 0.114000000059604644775390625))), _98, vec3(1.0 - (_48 * 0.300000011920928955078125)));
        highp float _137 = length(planet_fs_params[1].xyz) - planet_fs_params[2].x;
        highp float _141 = planet_fs_params[2].y - planet_fs_params[2].x;
        if (_137 < _141)
        {
            color = mix(color, (vec3(0.4000000059604644775390625, 0.60000002384185791015625, 1.0) * _48) * 0.5, vec3(clamp(1.0 - exp(((-length(fs_cam_rel_pos)) * exp((-_137) / (_141 * 0.1500000059604644775390625))) * 1.9999999494757503271102905273438e-05), 0.0, 0.85000002384185791015625)));
        }
        frag_color = vec4(color, 1.0);
    }

*/
static const uint8_t planet_fs_source_glsl300es[1557] = {
    0x23,0x76,0x65,0x72,0x73,0x69,0x6f,0x6e,0x20,0x33,0x30,0x30,0x20,0x65,0x73,0x0a,
    0x70,0x72,0x65,0x63,0x69,0x73,0x69,0x6f,0x6e,0x20,0x6d,0x65,0x64,0x69,0x75,0x6d,
    0x70,0x20,0x66,0x6c,0x6f,0x61,0x74,0x3b,0x0a,0x70,0x72,0x65,0x63,0x69,0x73,0x69,
    0x6f,0x6e,0x20,0x68,0x69,0x67,0x68,0x70,0x20,0x69,0x6e,0x74,0x3b,0x0a,0x0a,0x75,
    0x6e,0x69,0x66,0x6f,0x72,0x6d,0x20,0x68,0x69,0x67,0x68,0x70,0x20,0x76,0x65,0x63,
    0x34,0x20,0x70,0x6c,0x61,0x6e,0x65,0x74,0x5f,0x66,0x73,0x5f,0x70,0x61,0x72,0x61,
    0x6d,0x73,0x5b,0x33,0x5d,0x3b,0x0a,0x69,0x6e,0x20,0x68,0x69,0x67,0x68,0x70,0x20,
    0x76,0x65,0x63,0x33,0x20,0x66,0x73,0x5f,0x6e,0x6f,0x72,0x6d,0x61,0x6c,0x3b,0x0a,
    0x69,0x6e,0x20,0x68,0x69,0x67,0x68,0x70,0x20,0x76,0x65,0x63,0x33,0x20,0x66,0x73,
    0x5f,0x63,0x61,0x6d,0x5f,0x72,0x65,0x6c,0x5f,0x70,0x6f,0x73,0x3b,0x0a,0x69,0x6e,
    0x20,0x68,0x69,0x67,0x68,0x70,0x20,0x76,0x65,0x63,0x33,0x20,0x66,0x73,0x5f,0x63,
    0x6f,0x6c,0x6f,0x72,0x3b,0x0a,0x6c,0x61,0x79,0x6f,0x75,0x74,0x28,0x6c,0x6f,0x63,
    0x61,0x74,0x69,0x6f,0x6e,0x20,0x3d,0x20,0x30,0x29,0x20,0x6f,0x75,0x74,0x20,0x68,
    0x69,0x67,0x68,0x70,0x20,0x76,0x65,0x63,0x34,0x20,0x66,0x72,0x61,0x67,0x5f,0x63,
    0x6f,0x6c,0x6f,0x72,0x3b,0x0a,0x0a,0x76,0x6f,0x69,0x64,0x20,0x6d,0x61,0x69,0x6e,
    0x28,0x29,0x0a,0x7b,0x0a,0x20,0x20,0x20,0x20,0x68,0x69,0x67,0x68,0x70,0x20,0x76,
    0x65,0x63,0x33,0x20,0x5f,0x31,0x33,0x20,0x3d,0x20,0x6e,0x6f,0x72,0x6d,0x61,0x6c,
    0x69,0x7a,0x65,0x28,0x66,0x73,0x5f,0x6e,0x6f,0x72,0x6d,0x61,0x6c,0x29,0x3b,0x0a,
    0x20,0x20,0x20,0x20,0x68,0x69,0x67,0x68,0x70,0x20,0x66,0x6c,0x6f,0x61,0x74,0x20,
    0x5f,0x34,0x33,0x20,0x3d,0x20,0x64,0x6f,0x74,0x28,0x5f,0x31,0x33,0x2c,0x20,0x6e,
    0x6f,0x72,0x6d,0x61,0x6c,0x69,0x7a,0x65,0x28,0x70,0x6c,0x61,0x6e,0x65,0x74,0x5f,
    0x66,0x73,0x5f,0x70,0x61,0x72,0x61,0x6d,0x73,0x5b,0x30,0x5d,0x2e,0x78,0x79,0x7a,
    0x29,0x29,0x3b,0x0a,0x20,0x20,0x20,0x20,0x68,0x69,0x67,0x68,0x70,0x20,0x66,0x6c,
    0x6f,0x61,0x74,0x20,0x5f,0x34,0x38,0x20,0x3d,0x20,0x73,0x6d,0x6f,0x6f,0x74,0x68,
    0x73,0x74,0x65,0x70,0x28,0x2d,0x30,0x2e,0x31,0x30,0x30,0x30,0x30,0x30,0x30,0x30,
    0x31,0x34,0x39,0x30,0x31,0x31,0x36,0x31,0x31,0x39,0x33,0x38,0x34,0x37,0x36,0x35,
    0x36,0x32,0x35,0x2c,0x20,0x30,0x2e,0x33,0x30,0x30,0x30,0x30,0x30,0x30,0x31,0x31,
    0x39,0x32,0x30,0x39,0x32,0x38,0x39,0x35,0x35,0x30,0x37,0x38,0x31,0x32,0x35,0x2c,
    0x20,0x5f,0x34,0x33,0x29,0x3b,0x0a,0x20,0x20,0x20,0x20,0x68,0x69,0x67,0x68,0x70,
    0x20,0x66,0x6c,0x6f,0x61,0x74,0x20,0x5f,0x35,0x39,0x20,0x3d,0x20,0x6d,0x69,0x78,
    0x28,0x30,0x2e,0x34,0x34,0x39,0x39,0x39,0x39,0x39,0x38,0x38,0x30,0x37,0x39,0x30,
    0x37,0x31,0x30,0x34,0x34,0x39,0x32,0x31,0x38,0x37,0x35,0x2c,0x20,0x31,0x2e,0x30,
    0x2c,0x20,0x73,0x6d,0x6f,0x6f,0x74,0x68,0x73,0x74,0x65,0x70,0x28,0x2d,0x30,0x2e,
    0x31,0x30,0x30,0x30,0x30,0x30,0x30,0x30,0x31,0x34,0x39,0x30,0x31,0x31,0x36,0x31,
    0x31,0x39,0x33,0x38,0x34,0x37,0x36,0x35,0x36,0x32,0x35,0x2c,0x20,0x30,0x2e,0x35,
    0x2c,0x20,0x64,0x6f,0x74,0x28,0x5f,0x31,0x33,0x2c,0x20,0x6e,0x6f,0x72,0x6d,0x61,
    0x6c,0x69,0x7a,0x65,0x28,0x70,0x6c,0x61,0x6e,0x65,0x74,0x5f,0x66,0x73,0x5f,0x70,
    0x61,0x72,0x61,0x6d,0x73,0x5b,0x31,0x5d,0x2e,0x78,0x79,0x7a,0x20,0x2b,0x20,0x66,
    0x73,0x5f,0x63,0x61,0x6d,0x5f,0x72,0x65,0x6c,0x5f,0x70,0x6f,0x73,0x29,0x29,0x29,
    0x29,0x3b,0x0a,0x20,0x20,0x20,0x20,0x68,0x69,0x67,0x68,0x70,0x20,0x76,0x65,0x63,
    0x33,0x20,0x5f,0x39,0x38,0x20,0x3d,0x20,0x28,0x28,0x28,0x28,0x66,0x73,0x5f,0x63,
    0x6f,0x6c,0x6f,0x72,0x20,0x2a,0x20,0x6d,0x61,0x78,0x28,0x30,0x2e,0x30,0x2c,0x20,
    0x5f,0x34,0x33,0x29,0x29,0x20,0x2a,0x20,0x5f,0x34,0x38,0x29,0x20,0x2a,0x20,0x5f,
    0x35,0x39,0x29,0x20,0x2b,0x20,0x28,0x76,0x65,0x63,0x33,0x28,0x70,0x6f,0x77,0x28,
    0x31,0x2e,0x30,0x20,0x2d,0x20,0x6d,0x61,0x78,0x28,0x30,0x2e,0x30,0x2c,0x20,0x64,
    0x6f,0x74,0x28,0x6e,0x6f,0x72,0x6d,0x61,0x6c,0x69,0x7a,0x65,0x28,0x2d,0x66,0x73,
    0x5f,0x63,0x61,0x6d,0x5f,0x72,0x65,0x6c,0x5f,0x70,0x6f,0x73,0x29,0x2c,0x20,0x5f,
    0x31,0x33,0x29,0x29,0x2c,0x20,0x33,0x2e,0x30,0x29,0x20,0x2a,0x20,0x30,0x2e,0x31,
    0x31,0x39,0x39,0x39,0x39,0x39,0x39,0x37,0x33,0x31,0x37,0x37,0x39,0x30,0x39,0x38,
    0x35,0x31,0x30,0x37,0x34,0x32,0x31,0x38,0x37,0x35,0x29,0x20,0x2a,0x20,0x5f,0x34,
    0x38,0x29,0x29,0x20,0x2b,0x20,0x28,0x28,0x66,0x73,0x5f,0x63,0x6f,0x6c,0x6f,0x72,
    0x20,0x2a,0x20,0x30,0x2e,0x30,0x37,0x39,0x39,0x39,0x39,0x39,0x39,0x38,0x32,0x31,
    0x31,0x38,0x36,0x30,0x36,0x35,0x36,0x37,0x33,0x38,0x32,0x38,0x31,0x32,0x35,0x29,
    0x20,0x2a,0x20,0x5f,0x35,0x39,0x29,0x3b,0x0a,0x20,0x20,0x20,0x20,0x68,0x69,0x67,
    0x68,0x70,0x20,0x76,0x65,0x63,0x33,0x20,0x63,0x6f,0x6c,0x6f,0x72,0x20,0x3d,0x20,
    0x6d,0x69,0x78,0x28,0x76,0x65,0x63,0x33,0x28,0x64,0x6f,0x74,0x28,0x5f,0x39,0x38,
    0x2c,0x20,0x76,0x65,0x63,0x33,0x28,0x30,0x2e,0x32,0x39,0x38,0x39,0x39,0x39,0x39,
    0x39,0x34,0x39,0x39,0x33,0x32,0x30,0x39,0x38,0x33,0x38,0x38,0x36,0x37,0x31,0x38,
    0x37,0x35,0x2c,0x20,0x30,0x2e,0x35,0x38,0x37,0x30,0x30,0x30,0x30,0x31,0x32,0x33,
    0x39,0x37,0x37,0x36,0x36,0x31,0x31,0x33,0x32,0x38,0x31,0x32,0x35,0x2c,0x20,0x30,
    0x2e,0x31,0x31,0x34,0x30,0x30,0x30,0x30,0x30,0x30,0x30,0x35,0x39,0x36,0x30,0x34,
    0x36,0x34,0x34,0x37,0x37,0x35,0x33,0x39,0x30,0x36,0x32,0x35,0x29,0x29,0x29,0x2c,
    0x20,0x5f,0x39,0x38,0x2c,0x20,0x76,0x65,0x63,0x33,0x28,0x31,0x2e,0x30,0x20,0x2d,
    0x20,0x28,0x5f,0x34,0x38,0x20,0x2a,0x20,0x30,0x2e,0x33,0x30,0x30,0x30,0x30,0x30,
    0x30,0x31,0x31,0x39,0x32,0x30,0x39,0x32,0x38,0x39,0x35,0x35,0x30,0x37,0x38,0x31,
    0x32,0x35,0x29,0x29,0x29,0x3b,0x0a,0x20,0x20,0x20,0x20,0x68,0x69,0x67,0x68,0x70,
    0x20,0x66,0x6c,0x6f,0x61,0x74,0x20,0x5f,0x31,0x33,0x37,0x20,0x3d,0x20,0x6c,0x65,
    0x6e,0x67,0x74,0x68,0x28,0x70,0x6c,0x61,0x6e,0x65,0x74,0x5f,0x66,0x73,0x5f,0x70,
    0x61,0x72,0x61,0x6d,0x73,0x5b,0x31,0x5d,0x2e,0x78,0x79,0x7a,0x29,0x20,0x2d,0x20,
    0x70,0x6c,0x61,0x6e,0x65,0x74,0x5f,0x66,0x73,0x5f,0x70,0x61,0x72,0x61,0x6d,0x73,
    0x5b,0x32,0x5d,0x2e,0x78,0x3b,0x0a,0x20,0x20,0x20,0x20,0x68,0x69,0x67,0x68,0x70,
    0x20,0x66,0x6c,0x6f,0x61,0x74,0x20,0x5f,0x31,0x34,0x31,0x20,0x3d,0x20,0x70,0x6c,
    0x61,0x6e,0x65,0x74,0x5f,0x66,0x73,0x5f,0x70,0x61,0x72,0x61,0x6d,0x73,0x5b,0x32,
    0x5d,0x2e,0x79,0x20,0x2d,0x20,0x70,0x6c,0x61,0x6e,0x65,0x74,0x5f,0x66,0x73,0x5f,
    0x70,0x61,0x72,0x61,0x6d,0x73,0x5b,0x32,0x5d,0x2e,0x78,0x3b,0x0a,0x20,0x20,0x20,
    0x20,0x69,0x66,0x20,0x28,0x5f,0x31,0x33,0x37,0x20,0x3c,0x20,0x5f,0x31,0x34,0x31,
    0x29,0x0a,0x20,0x20,0x20,0x20,0x7b,0x0a,0x20,0x20,0x20,0x20,0x20,0x20,0x20,0x20,
    0x63,0x6f,0x6c,0x6f,0x72,0x20,0x3d,0x20,0x6d,0x69,0x78,0x28,0x63,0x6f,0x6c,0x6f,
    0x72,0x2c,0x20,0x28,0x76,0x65,0x63,0x33,0x28,0x30,0x2e,0x34,0x30,0x30,0x30,0x30,
    0x30,0x30,0x30,0x35,0x39,0x36,0x30,0x34,0x36,0x34,0x34,0x37,0x37,0x35,0x33,0x39,
    0x30,0x36,0x32,0x35,0x2c,0x20,0x30,0x2e,0x36,0x30,0x30,0x30,0x30,0x30,0x30,0x32,
    0x33,0x38,0x34,0x31,0x38,0x35,0x37,0x39,0x31,0x30,0x31,0x35,0x36,0x32,0x35,0x2c,
    0x20,0x31,0x2e,0x30,0x29,0x20,0x2a,0x20,0x5f,0x34,0x38,0x29,0x20,0x2a,0x20,0x30,
    0x2e,0x35,0x2c,0x20,0x76,0x65,0x63,0x33,0x28,0x63,0x6c,0x61,0x6d,0x70,0x28,0x31,
    0x2e,0x30,0x20,0x2d,0x20,0x65,0x78,0x70,0x28,0x28,0x28,0x2d,0x6c,0x65,0x6e,0x67,
    0x74,0x68,0x28,0x66,0x73,0x5f,0x63,0x61,0x6d,0x5f,0x72,0x65,0x6c,0x5f,0x70,0x6f,
    0x73,0x29,0x29,0x20,0x2a,0x20,0x65,0x78,0x70,0x28,0x28,0x2d,0x5f,0x31,0x33,0x37,
    0x29,0x20,0x2f,0x20,0x28,0x5f,0x31,0x34,0x31,0x20,0x2a,0x20,0x30,0x2e,0x31,0x35,
    0x30,0x30,0x30,0x30,0x30,0x30,0x35,0x39,0x36,0x30,0x34,0x36,0x34,0x34,0x37,0x37,
    0x35,0x33,0x39,0x30,0x36,0x32,0x35,0x29,0x29,0x29,0x20,0x2a,0x20,0x31,0x2e,0x39,
    0x39,0x39,0x39,0x39,0x39,0x39,0x34,0x39,0x34,0x37,0x35,0x37,0x35,0x30,0x33,0x32,
    0x37,0x31,0x31,0x30,0x32,0x39,0x30,0x35,0x32,0x37,0x33,0x34,0x33,0x38,0x65,0x2d,
    0x30,0x35,0x29,0x2c,0x20,0x30,0x2e,0x30,0x2c,0x20,0x30,0x2e,0x38,0x35,0x30,0x30,
    0x30,0x30,0x30,0x32,0x33,0x38,0x34,0x31,0x38,0x35,0x37,0x39,0x31,0x30,0x31,0x35,
    0x36,0x32,0x35,0x29,0x29,0x29,0x3b,0x0a,0x20,0x20,0x20,0x20,0x7d,0x0a,0x20,0x20,
    0x20,0x20,0x66,0x72,0x61,0x67,0x5f,0x63,0x6f,0x6c,0x6f,0x72,0x20,0x3d,0x20,0x76,
    0x65,0x63,0x34,0x28,0x63,0x6f,0x6c,0x6f,0x72,0x2c,0x20,0x31,0x2e,0x30,0x29,0x3b,
    0x0a,0x7d,0x0a,0x0a,0x00,
};
/*
    cbuffer planet_vs_params : register(b0)
    {
        row_major float4x4 _17_mvp : packoffset(c0);
        float4 _17_camera_offset : packoffset(c4);
        float4 _17_camera_offset_low : packoffset(c5);
        float4 _17_log_depth : packoffset(c6);
    };


    static float4 gl_Position;
    static float3 a_position;
    static float3 fs_normal;
    static float3 a_normal;
    static float3 fs_color;
    static float3 a_color;
    static float3 fs_cam_rel_pos;

    struct SPIRV_Cross_Input
    {
        float3 a_position : TEXCOORD0;
        float3 a_normal : TEXCOORD1;
        float3 a_color : TEXCOORD2;
    };

    struct SPIRV_Cross_Output
    {
        float3 fs_normal : TEXCOORD0;
        float3 fs_color : TEXCOORD1;
        float3 fs_cam_rel_pos : TEXCOORD2;
        float4 gl_Position : SV_Position;
    };

    void vert_main()
    {
        float3 _29 = (a_position - _17_camera_offset.xyz) - _17_camera_offset_low.xyz;
        gl_Position = mul(float4(_29, 1.0f), _17_mvp);
        if (_17_log_depth.x > 0.0f)
        {
            gl_Position.z = ((log2(max(9.9999999747524270787835121154785e-07f, 1.0f + gl_Position.w)) * _17_log_depth.x) + _17_log_depth.z) * gl_Position.w;
        }
        fs_normal = a_normal;
        fs_color = a_color;
        fs_cam_rel_pos = _29;
    }

    SPIRV_Cross_Output main(SPIRV_Cross_Input stage_input)
    {
        a_position = stage_input.a_position;
        a_normal = stage_input.a_normal;
        a_color = stage_input.a_color;
        vert_main();
        SPIRV_Cross_Output stage_output;
        stage_output.gl_Position = gl_Position;
        stage_output.fs_normal = fs_normal;
        stage_output.fs_color = fs_color;
        stage_output.fs_cam_rel_pos = fs_cam_rel_pos;
        return stage_output;
    }
*/
static const uint8_t planet_vs_source_hlsl5[1577] = {
    0x63,0x62,0x75,0x66,0x66,0x65,0x72,0x20,0x70,0x6c,0x61,0x6e,0x65,0x74,0x5f,0x76,
    0x73,0x5f,0x70,0x61,0x72,0x61,0x6d,0x73,0x20,0x3a,0x20,0x72,0x65,0x67,0x69,0x73,
    0x74,0x65,0x72,0x28,0x62,0x30,0x29,0x0a,0x7b,0x0a,0x20,0x20,0x20,0x20,0x72,0x6f,
    0x77,0x5f,0x6d,0x61,0x6a,0x6f,0x72,0x20,0x66,0x6c,0x6f,0x61,0x74,0x34,0x78,0x34,
    0x20,0x5f,0x31,0x37,0x5f,0x6d,0x76,0x70,0x20,0x3a,0x20,0x70,0x61,0x63,0x6b,0x6f,
    0x66,0x66,0x73,0x65,0x74,0x28,0x63,0x30,0x29,0x3b,0x0a,0x20,0x20,0x20,0x20,0x66,
    0x6c,0x6f,0x61,0x74,0x34,0x20,0x5f,0x31,0x37,0x5f,0x63,0x61,0x6d,0x65,0x72,0x61,
    0x5f,0x6f,0x66,0x66,0x73,0x65,0x74,0x20,0x3a,0x20,0x70,0x61,0x63,0x6b,0x6f,0x66,
    0x66,0x73,0x65,0x74,0x28,0x63,0x34,0x29,0x3b,0x0a,0x20,0x20,0x20,0x20,0x66,0x6c,
    0x6f,0x61,0x74,0x34,0x20,0x5f,0x31,0x37,0x5f,0x63,0x61,0x6d,0x65,0x72,0x61,0x5f,
    0x6f,0x66,0x66,0x73,0x65,0x74,0x5f,0x6c,0x6f,0x77,0x20,0x3a,0x20,0x70,0x61,0x63,
    0x6b,0x6f,0x66,0x66,0x73,0x65,0x74,0x28,0x63,0x35,0x29,0x3b,0x0a,0x20,0x20,0x20,
    0x20,0x66,0x6c,0x6f,0x61,0x74,0x34,0x20,0x5f,0x31,0x37,0x5f,0x6c,0x6f,0x67,0x5f,
    0x64,0x65,0x70,0x74,0x68,0x20,0x3a,0x20,0x70,0x61,0x63,0x6b,0x6f,0x66,0x66,0x73,
    0x65,0x74,0x28,0x63,0x36,0x29,0x3b,0x0a,0x7d,0x3b,0x0a,0x0a,0x0a,0x73,0x74,0x61,
    0x74,0x69,0x63,0x20,0x66,0x6c,0x6f,0x61,0x74,0x34,0x20,0x67,0x6c,0x5f,0x50,0x6f,
    0x73,0x69,0x74,0x69,0x6f,0x6e,0x3b,0x0a,0x73,0x74,0x61,0x74,0x69,0x63,0x20,0x66,
    0x6c,0x6f,0x61,0x74,0x33,0x20,0x61,0x5f,0x70,0x6f,0x73,0x69,0x74,0x69,0x6f,0x6e,
    0x3b,0x0a,0x73,0x74,0x61,0x74,0x69,0x63,0x20,0x66,0x6c,0x6f,0x61,0x74,0x33,0x20,
    0x66,0x73,0x5f,0x6e,0x6f,0x72,0x6d,0x61,0x6c,0x3b,0x0a,0x73,0x74,0x61,0x74,0x69,
    0x63,0x20,0x66,0x6c,0x6f,0x61,0x74,0x33,0x20,0x61,0x5f,0x6e,0x6f,0x72,0x6d,0x61,
    0x6c,0x3b,0x0a,0x73,0x74,0x61,0x74,0x69,0x63,0x20,0x66,0x6c,0x6f,0x61,0x74,0x33,
    0x20,0x66,0x73,0x5f,0x63,0x6f,0x6c,0x6f,0x72,0x3b,0x0a,0x73,0x74,0x61,0x74,0x69,
    0x63,0x20,0x66,0x6c,0x6f,0x61,0x74,0x33,0x20,0x61,0x5f,0x63,0x6f,0x6c,0x6f,0x72,
    0x3b,0x0a,0x73,0x74,0x61,0x74,0x69,0x63,0x20,0x66,0x6c,0x6f,0x61,0x74,0x33,0x20,
    0x66,0x73,0x5f,0x63,0x61,0x6d,0x5f,0x72,0x65,0x6c,0x5f,0x70,0x6f,0x73,0x3b,0x0a,
    0x0a,0x73,0x74,0x72,0x75,0x63,0x74,0x20,0x53,0x50,0x49,0x52,0x56,0x5f,0x43,0x72,
    0x6f,0x73,0x73,0x5f,0x49,0x6e,0x70,0x75,0x74,0x0a,0x7b,0x0a,0x20,0x20,0x20,0x20,
    0x66,0x6c,0x6f,0x61,0x74,0x33,0x20,0x61,0x5f,0x70,0x6f,0x73,0x69,0x74,0x69,0x6f,
    0x6e,0x20,0x3a,0x20,0x54,0x45,0x58,0x43,0x4f,0x4f,0x52,0x44,0x30,0x3b,0x0a,0x20,
    0x20,0x20,0x20,0x66,0x6c,0x6f,0x61,0x74,0x33,0x20,0x61,0x5f,0x6e,0x6f,0x72,0x6d,
    0x61,0x6c,0x20,0x3a,0x20,0x54,0x45,0x58,0x43,0x4f,0x4f,0x52,0x44,0x31,0x3b,0x0a,
    0x20,0x20,0x20,0x20,0x66,0x6c,0x6f,0x61,0x74,0x33,0x20,0x61,0x5f,0x63,0x6f,0x6c,
    0x6f,0x72,0x20,0x3a,0x20,0x54,0x45,0x58,0x43,0x4f,0x4f,0x52,0x44,0x32,0x3b,0x0a,
    0x7d,0x3b,0x0a,0x0a,0x73,0x74,0x72,0x75,0x63,0x74,0x20,0x53,0x50,0x49,0x52,0x56,
    0x5f,0x43,0x72,0x6f,0x73,0x73,0x5f,0x4f,0x75,0x74,0x70,0x75,0x74,0x0a,0x7b,0x0a,
    0x20,0x20,0x20,0x20,0x66,0x6c,0x6f,0x61,0x74,0x33,0x20,0x66,0x73,0x5f,0x6e,0x6f,
    0x72,0x6d,0x61,0x6c,0x20,0x3a,0x20,0x54,0x45,0x58,0x43,0x4f,0x4f,0x52,0x44,0x30,
    0x3b,0x0a,0x20,0x20,0x20,0x20,0x66,0x6c,0x6f,0x61,0x74,0x33,0x20,0x66,0x73,0x5f,
    0x63,0x6f,0x6c,0x6f,0x72,0x20,0x3a,0x20,0x54,0x45,0x58,0x43,0x4f,0x4f,0x52,0x44,
    0x31,0x3b,0x0a,0x20,0x20,0x20,0x20,0x66,0x6c,0x6f,0x61,0x74,0x33,0x20,0x66,0x73,
    0x5f,0x63,0x61,0x6d,0x5f,0x72,0x65,0x6c,0x5f,0x70,0x6f,0x73,0x20,0x3a,0x20,0x54,
    0x45,0x58,0x43,0x4f,0x4f,0x52,0x44,0x32,0x3b,0x0a,0x20,0x20,0x20,0x20,0x66,0x6c,
    0x6f,0x61,0x74,0x34,0x20,0x67,0x6c,0x5f,0x50,0x6f,0x73,0x69,0x74,0x69,0x6f,0x6e,
    0x20,0x3a,0x20,0x53,0x56,0x5f,0x50,0x6f,0x73,0x69,0x74,0x69,0x6f,0x6e,0x3b,0x0a,
    0x7d,0x3b,0x0a,0x0a,0x76,0x6f,0x69,0x64,0x20,0x76,0x65,0x72,0x74,0x5f,0x6d,0x61,
    0x69,0x6e,0x28,0x29,0x0a,0x7b,0x0a,0x20,0x20,0x20,0x20,0x66,0x6c,0x6f,0x61,0x74,
    0x33,0x20,0x5f,0x32,0x39,0x20,0x3d,0x20,0x28,0x61,0x5f,0x70,0x6f,0x73,0x69,0x74,
    0x69,0x6f,0x6e,0x20,0x2d,0x20,0x5f,0x31,0x37,0x5f,0x63,0x61,0x6d,0x65,0x72,0x61,
    0x5f,0x6f,0x66,0x66,0x73,0x65,0x74,0x2e,0x78,0x79,0x7a,0x29,0x20,0x2d,0x20,0x5f,
    0x31,0x37,0x5f,0x63,0x61,0x6d,0x65,0x72,0x61,0x5f,0x6f,0x66,0x66,0x73,0x65,0x74,
    0x5f,0x6c,0x6f,0x77,0x2e,0x78,0x79,0x7a,0x3b,0x0a,0x20,0x20,0x20,0x20,0x67,0x6c,
    0x5f,0x50,0x6f,0x73,0x69,0x74,0x69,0x6f,0x6e,0x20,0x3d,0x20,0x6d,0x75,0x6c,0x28,
    0x66,0x6c,0x6f,0x61,0x74,0x34,0x28,0x5f,0x32,0x39,0x2c,0x20,0x31,0x2e,0x30,0x66,
    0x29,0x2c,0x20,0x5f,0x31,0x37,0x5f,0x6d,0x76,0x70,0x29,0x3b,0x0a,0x20,0x20,0x20,
    0x20,0x69,0x66,0x20,0x28,0x5f,0x31,0x37,0x5f,0x6c,0x6f,0x67,0x5f,0x64,0x65,0x70,
    0x74,0x68,0x2e,0x78,0x20,0x3e,0x20,0x30,0x2e,0x30,0x66,0x29,0x0a,0x20,0x20,0x20,
    0x20,0x7b,0x0a,0x20,0x20,0x20,0x20,0x20,0x20,0x20,0x20,0x67,0x6c,0x5f,0x50,0x6f,
    0x73,0x69,0x74,0x69,0x6f,0x6e,0x2e,0x7a,0x20,0x3d,0x20,0x28,0x28,0x6c,0x6f,0x67,
    0x32,0x28,0x6d,0x61,0x78,0x28,0x39,0x2e,0x39,0x39,0x39,0x39,0x39,0x39,0x39,0x37,
    0x34,0x37,0x35,0x32,0x34,0x32,0x37,0x30,0x37,0x38,0x37,0x38,0x33,0x35,0x31,0x32,
    0x31,0x31,0x35,0x34,0x37,0x38,0x35,0x65,0x2d,0x30,0x37,0x66,0x2c,0x20,0x31,0x2e,
    0x30,0x66,0x20,0x2b,0x20,0x67,0x6c,0x5f,0x50,0x6f,0x73,0x69,0x74,0x69,0x6f,0x6e,
    0x2e,0x77,0x29,0x29,0x20,0x2a,0x20,0x5f,0x31,0x37,0x5f,0x6c,0x6f,0x67,0x5f,0x64,
    0x65,0x70,0x74,0x68,0x2e,0x78,0x29,0x20,0x2b,0x20,0x5f,0x31,0x37,0x5f,0x6c,0x6f,
    0x67,0x5f,0x64,0x65,0x70,0x74,0x68,0x2e,0x7a,0x29,0x20,0x2a,0x20,0x67,0x6c,0x5f,
    0x50,0x6f,0x73,0x69,0x74,0x69,0x6f,0x6e,0x2e,0x77,0x3b,0x0a,0x20,0x20,0x20,0x20,
    0x7d,0x0a,0x20,0x20,0x20,0x20,0x66,0x73,0x5f,0x6e,0x6f,0x72,0x6d,0x61,0x6c,0x20,
    0x3d,0x20,0x61,0x5f,0x6e,0x6f,0x72,0x6d,0x61,0x6c,0x3b,0x0a,0x20,0x20,0x20,0x20,
    0x66,0x73,0x5f,0x63,0x6f,0x6c,0x6f,0x72,0x20,0x3d,0x20,0x61,0x5f,0x63,0x6f,0x6c,
    0x6f,0x72,0x3b,0x0a,0x20,0x20,0x20,0x20,0x66,0x73,0x5f,0x63,0x61,0x6d,0x5f,0x72,
    0x65,0x6c,0x5f,0x70,0x6f,0x73,0x20,0x3d,0x20,0x5f,0x32,0x39,0x3b,0x0a,0x7d,0x0a,
    0x0a,0x53,0x50,0x49,0x52,0x56,0x5f,0x43,0x72,0x6f,0x73,0x73,0x5f,0x4f,0x75,0x74,
    0x70,0x75,0x74,0x20,0x6d,0x61,0x69,0x6e,0x28,0x53,0x50,0x49,0x52,0x56,0x5f,0x43,
    0x72,0x6f,0x73,0x73,0x5f,0x49,0x6e,0x70,0x75,0x74,0x20,0x73,0x74,0x61,0x67,0x65,
    0x5f,0x69,0x6e,0x70,0x75,0x74,0x29,0x0a,0x7b,0x0a,0x20,0x20,0x20,0x20,0x61,0x5f,
    0x70,0x6f,0x73,0x69,0x74,0x69,0x6f,0x6e,0x20,0x3d,0x20,0x73,0x74,0x61,0x67,0x65,
    0x5f,0x69,0x6e,0x70,0x75,0x74,0x2e,0x61,0x5f,0x70,0x6f,0x73,0x69,0x74,0x69,0x6f,
    0x6e,0x3b,0x0a,0x20,0x20,0x20,0x20,0x61,0x5f,0x6e,0x6f,0x72,0x6d,0x61,0x6c,0x20,
    0x3d,0x20,0x73,0x74,0x61,0x67,0x65,0x5f,0x69,0x6e,0x70,0x75,0x74,0x2e,0x61,0x5f,
    0x6e,0x6f,0x72,0x6d,0x61,0x6c,0x3b,0x0a,0x20,0x20,0x20,0x20,0x61,0x5f,0x63,0x6f,
    0x6c,0x6f,0x72,0x20,0x3d,0x20,0x73,0x74,0x61,0x67,0x65,0x5f,0x69,0x6e,0x70,0x75,
    0x74,0x2e,0x61,0x5f,0x63,0x6f,0x6c,0x6f,0x72,0x3b,0x0a,0x20,0x20,0x20,0x20,0x76,
    0x65,0x72,0x74,0x5f,0x6d,0x61,0x69,0x6e,0x28,0x29,0x3b,0x0a,0x20,0x20,0x20,0x20,
    0x53,0x50,0x49,0x52,0x56,0x5f,0x43,0x72,0x6f,0x73,0x73,0x5f,0x4f,0x75,0x74,0x70,
    0x75,0x74,0x20,0x73,0x74,0x61,0x67,0x65,0x5f,0x6f,0x75,0x74,0x70,0x75,0x74,0x3b,
    0x0a,0x20,0x20,0x20,0x20,0x73,0x74,0x61,0x67,0x65,0x5f,0x6f,0x75,0x74,0x70,0x75,
    0x74,0x2e,0x67,0x6c,0x5f,0x50,0x6f,0x73,0x69,0x74,0x69,0x6f,0x6e,0x20,0x3d,0x20,
    0x67,0x6c,0x5f,0x50,0x6f,0x73,0x69,0x74,0x69,0x6f,0x6e,0x3b,0x0a,0x20,0x20,0x20,
    0x20,0x73,0x74,0x61,0x67,0x65,0x5f,0x6f,0x75,0x74,0x70,0x75,0x74,0x2e,0x66,0x73,
    0x5f,0x6e,0x6f,0x72,0x6d,0x61,0x6c,0x20,0x3d,0x20,0x66,0x73,0x5f,0x6e,0x6f,0x72,
    0x6d,0x61,0x6c,0x3b,0x0a,0x20,0x20,0x20,0x20,0x73,0x74,0x61,0x67,0x65,0x5f,0x6f,
    0x75,0x74,0x70,0x75,0x74,0x2e,0x66,0x73,0x5f,0x63,0x6f,0x6c,0x6f,0x72,0x20,0x3d,
    0x20,0x66,0x73,0x5f,0x63,0x6f,0x6c,0x6f,0x72,0x3b,0x0a,0x20,0x20,0x20,0x20,0x73,
    0x74,0x61,0x67,0x65,0x5f,0x6f,0x75,0x74,0x70,0x75,0x74,0x2e,0x66,0x73,0x5f,0x63,
    0x61,0x6d,0x5f,0x72,0x65,0x6c,0x5f,0x70,0x6f,0x73,0x20,0x3d,0x20,0x66,0x73,0x5f,
    0x63,0x61,0x6d,0x5f,0x72,0x65,0x6c,0x5f,0x70,0x6f,0x73,0x3b,0x0a,0x20,0x20,0x20,
    0x20,0x72,0x65,0x74,0x75,0x72,0x6e,0x20,0x73,0x74,0x61,0x67,0x65,0x5f,0x6f,0x75,
    0x74,0x70,0x75,0x74,0x3b,0x0a,0x7d,0x0a,0x00,
};
/*
    cbuffer planet_fs_params : register(b1)
    {
        float4 _18_sun_direction : packoffset(c0);
        float4 _18_camera_pos : packoffset(c1);
        float4 _18_atmos_params : packoffset(c2);
    };


    static float3 fs_normal;
    static float3 fs_cam_rel_pos;
    static float3 fs_color;
    static float4 frag_color;

    struct SPIRV_Cross_Input
    {
        float3 fs_normal : TEXCOORD0;
        float3 fs_color : TEXCOORD1;
        float3 fs_cam_rel_pos : TEXCOORD2;
    };

    struct SPIRV_Cross_Output
    {
        float4 frag_color : SV_Target0;
    };

    void frag_main()
    {
        float3 _13 = normalize(fs_normal);
        float _43 = dot(_13, normalize(_18_sun_direction.xyz));
        float _48 = smoothstep(-0.100000001490116119384765625f, 0.300000011920928955078125f, _43);
        float _59 = lerp(0.449999988079071044921875f, 1.0f, smoothstep(-0.100000001490116119384765625f, 0.5f, dot(_13, normalize(_18_camera_pos.xyz + fs_cam_rel_pos))));
        float3 _98 = ((((fs_color * max(0.0f, _43)) * _48) * _59) + ((pow(1.0f - max(0.0f, dot(normalize(-fs_cam_rel_pos), _13)), 3.0f) * 0.119999997317790985107421875f).xxx * _48)) + ((fs_color * 0.07999999821186065673828125f) * _59);
        float3 color = lerp(dot(_98, float3(0.2989999949932098388671875f, 0.58700001239776611328125f, 0.114000000059604644775390625f)).xxx, _98, (1.0f - (_48 * 0.300000011920928955078125f)).xxx);
        float _137 = length(_18_camera_pos.xyz) - _18_atmos_params.x;
        float _141 = _18_atmos_params.y - _18_atmos_params.x;
        if (_137 < _141)
        {
            color = lerp(color, (float3(0.4000000059604644775390625f, 0.60000002384185791015625f, 1.0f) * _48) * 0.5f, clamp(1.0f - exp(((-length(fs_cam_rel_pos)) * exp((-_137) / (_141 * 0.1500000059604644775390625f))) * 1.9999999494757503271102905273438e-05f), 0.0f, 0.85000002384185791015625f).xxx);
        }
        frag_color = float4(color, 1.0f);
    }

    SPIRV_Cross_Output main(SPIRV_Cross_Input stage_input)
    {
        fs_normal = stage_input.fs_normal;
        fs_cam_rel_pos = stage_input.fs_cam_rel_pos;
        fs_color = stage_input.fs_color;
        frag_main();
        SPIRV_Cross_Output stage_output;
        stage_output.frag_color = frag_color;
        return stage_output;
    }
*/
static const uint8_t planet_fs_source_hlsl5[2100] = {
    0x63,0x62,0x75,0x66,0x66,0x65,0x72,0x20,0x70,0x6c,0x61,0x6e,0x65,0x74,0x5f,0x66,
    0x73,0x5f,0x70,0x61,0x72,0x61,0x6d,0x73,0x20,0x3a,0x20,0x72,0x65,0x67,0x69,0x73,
    0x74,0x65,0x72,0x28,0x62,0x31,0x29,0x0a,0x7b,0x0a,0x20,0x20,0x20,0x20,0x66,0x6c,
    0x6f,0x61,0x74,0x34,0x20,0x5f,0x31,0x38,0x5f,0x73,0x75,0x6e,0x5f,0x64,0x69,0x72,
    0x65,0x63,0x74,0x69,0x6f,0x6e,0x20,0x3a,0x20,0x70,0x61,0x63,0x6b,0x6f,0x66,0x66,
    0x73,0x65,0x74,0x28,0x63,0x30,0x29,0x3b,0x0a,0x20,0x20,0x20,0x20,0x66,0x6c,0x6f,
    0x61,0x74,0x34,0x20,0x5f,0x31,0x38,0x5f,0x63,0x61,0x6d,0x65,0x72,0x61,0x5f,0x70,
    0x6f,0x73,0x20,0x3a,0x20,0x70,0x61,0x63,0x6b,0x6f,0x66,0x66,0x73,0x65,0x74,0x28,
    0x63,0x31,0x29,0x3b,0x0a,0x20,0x20,0x20,0x20,0x66,0x6c,0x6f,0x61,0x74,0x34,0x20,
    0x5f,0x31,0x38,0x5f,0x61,0x74,0x6d,0x6f,0x73,0x5f,0x70,0x61,0x72,0x61,0x6d,0x73,
    0x20,0x3a,0x20,0x70,0x61,0x63,0x6b,0x6f,0x66,0x66,0x73,0x65,0x74,0x28,0x63,0x32,
    0x29,0x3b,0x0a,0x7d,0x3b,0x0a,0x0a,0x0a,0x73,0x74,0x61,0x74,0x69,0x63,0x20,0x66,
    0x6c,0x6f,0x61,0x74,0x33,0x20,0x66,0x73,0x5f,0x6e,0x6f,0x72,0x6d,0x61,0x6c,0x3b,
    0x0a,0x73,0x74,0x61,0x74,0x69,0x63,0x20,0x66,0x6c,0x6f,0x61,0x74,0x33,0x20,0x66,
    0x73,0x5f,0x63,0x61,0x6d,0x5f,0x72,0x65,0x6c,0x5f,0x70,0x6f,0x73,0x3b,0x0a,0x73,
    0x74,0x61,0x74,0x69,0x63,0x20,0x66,0x6c,0x6f,0x61,0x74,0x33,0x20,0x66,0x73,0x5f,
    0x63,0x6f,0x6c,0x6f,0x72,0x3b,0x0a,0x73,0x74,0x61,0x74,0x69,0x63,0x20,0x66,0x6c,
    0x6f,0x61,0x74,0x34,0x20,0x66,0x72,0x61,0x67,0x5f,0x63,0x6f,0x6c,0x6f,0x72,0x3b,
    0x0a,0x0a,0x73,0x74,0x72,0x75,0x63,0x74,0x20,0x53,0x50,0x49,0x52,0x56,0x5f,0x43,
    0x72,0x6f,0x73,0x73,0x5f,0x49,0x6e,0x70,0x75,0x74,0x0a,0x7b,0x0a,0x20,0x20,0x20,
    0x20,0x66,0x6c,0x6f,0x61,0x74,0x33,0x20,0x66,0x73,0x5f,0x6e,0x6f,0x72,0x6d,0x61,
    0x6c,0x20,0x3a,0x20,0x54,0x45,0x58,0x43,0x4f,0x4f,0x52,0x44,0x30,0x3b,0x0a,0x20,
    0x20,0x20,0x20,0x66,0x6c,0x6f,0x61,0x74,0x33,0x20,0x66,0x73,0x5f,0x63,0x6f,0x6c,
    0x6f,0x72,0x20,0x3a,0x20,0x54,0x45,0x58,0x43,0x4f,0x4f,0x52,0x44,0x31,0x3b,0x0a,
    0x20,0x20,0x20,0x20,0x66,0x6c,0x6f,0x61,0x74,0x33,0x20,0x66,0x73,0x5f,0x63,0x61,
    0x6d,0x5f,0x72,0x65,0x6c,0x5f,0x70,0x6f,0x73,0x20,0x3a,0x20,0x54,0x45,0x58,0x43,
    0x4f,0x4f,0x52,0x44,0x32,0x3b,0x0a,0x7d,0x3b,0x0a,0x0a,0x73,0x74,0x72,0x75,0x63,
    0x74,0x20,0x53,0x50,0x49,0x52,0x56,0x5f,0x43,0x72,0x6f,0x73,0x73,0x5f,0x4f,0x75,
    0x74,0x70,0x75,0x74,0x0a,0x7b,0x0a,0x20,0x20,0x20,0x20,0x66,0x6c,0x6f,0x61,0x74,
    0x34,0x20,0x66,0x72,0x61,0x67,0x5f,0x63,0x6f,0x6c,0x6f,0x72,0x20,0x3a,0x20,0x53,
    0x56,0x5f,0x54,0x61,0x72,0x67,0x65,0x74,0x30,0x3b,0x0a,0x7d,0x3b,0x0a,0x0a,0x76,
    0x6f,0x69,0x64,0x20,0x66,0x72,0x61,0x67,0x5f,0x6d,0x61,0x69,0x6e,0x28,0x29,0x0a,
    0x7b,0x0a,0x20,0x20,0x20,0x20,0x66,0x6c,0x6f,0x61,0x74,0x33,0x20,0x5f,0x31,0x33,
    0x20,0x3d,0x20,0x6e,0x6f,0x72,0x6d,0x61,0x6c,0x69,0x7a,0x65,0x28,0x66,0x73,0x5f,
    0x6e,0x6f,0x72,0x6d,0x61,0x6c,0x29,0x3b,0x0a,0x20,0x20,0x20,0x20,0x66,0x6c,0x6f,
    0x61,0x74,0x20,0x5f,0x34,0x33,0x20,0x3d,0x20,0x64,0x6f,0x74,0x28,0x5f,0x31,0x33,
    0x2c,0x20,0x6e,0x6f,0x72,0x6d,0x61,0x6c,0x69,0x7a,0x65,0x28,0x5f,0x31,0x38,0x5f,
    0x73,0x75,0x6e,0x5f,0x64,0x69,0x72,0x65,0x63,0x74,0x69,0x6f,0x6e,0x2e,0x78,0x79,
    0x7a,0x29,0x29,0x3b,0x0a,0x20,0x20,0x20,0x20,0x66,0x6c,0x6f,0x61,0x74,0x20,0x5f,
    0x34,0x38,0x20,0x3d,0x20,0x73,0x6d,0x6f,0x6f,0x74,0x68,0x73,0x74,0x65,0x70,0x28,
    0x2d,0x30,0x2e,0x31,0x30,0x30,0x30,0x30,0x30,0x30,0x30,0x31,0x34,0x39,0x30,0x31,
    0x31,0x36,0x31,0x31,0x39,0x33,0x38,0x34,0x37,0x36,0x35,0x36,0x32,0x35,0x66,0x2c,
    0x20,0x30,0x2e,0x33,0x30,0x30,0x30,0x30,0x30,0x30,0x31,0x31,0x39,0x32,0x30,0x39,
    0x32,0x38,0x39,0x35,0x35,0x30,0x37,0x38,0x31,0x32,0x35,0x66,0x2c,0x20,0x5f,0x34,
    0x33,0x29,0x3b,0x0a,0x20,0x20,0x20,0x20,0x66,0x6c,0x6f,0x61,0x74,0x20,0x5f,0x35,
    0x39,0x20,0x3d,0x20,0x6c,0x65,0x72,0x70,0x28,0x30,0x2e,0x34,0x34,0x39,0x39,0x39,
    0x39,0x39,0x38,0x38,0x30,0x37,0x39,0x30,0x37,0x31,0x30,0x34,0x34,0x39,0x32,0x31,
    0x38,0x37,0x35,0x66,0x2c,0x20,0x31,0x2e,0x30,0x66,0x2c,0x20,0x73,0x6d,0x6f,0x6f,
    0x74,0x68,0x73,0x74,0x65,0x70,0x28,0x2d,0x30,0x2e,0x31,0x30,0x30,0x30,0x30,0x30,
    0x30,0x30,0x31,0x34,0x39,0x30,0x31,0x31,0x36,0x31,0x31,0x39,0x33,0x38,0x34,0x37,
    0x36,0x35,0x36,0x32,0x35,0x66,0x2c,0x20,0x30,0x2e,0x35,0x66,0x2c,0x20,0x64,0x6f,
    0x74,0x28,0x5f,0x31,0x33,0x2c,0x20,0x6e,0x6f,0x72,0x6d,0x61,0x6c,0x69,0x7a,0x65,
    0x28,0x5f,0x31,0x38,0x5f,0x63,0x61,0x6d,0x65,0x72,0x61,0x5f,0x70,0x6f,0x73,0x2e,
    0x78,0x79,0x7a,0x20,0x2b,0x20,0x66,0x73,0x5f,0x63,0x61,0x6d,0x5f,0x72,0x65,0x6c,
    0x5f,0x70,0x6f,0x73,0x29,0x29,0x29,0x29,0x3b,0x0a,0x20,0x20,0x20,0x20,0x66,0x6c,
    0x6f,0x61,0x74,0x33,0x20,0x5f,0x39,0x38,0x20,0x3d,0x20,0x28,0x28,0x28,0x28,0x66,
    0x73,0x5f,0x63,0x6f,0x6c,0x6f,0x72,0x20,0x2a,0x20,0x6d,0x61,0x78,0x28,0x30,0x2e,
    0x30,0x66,0x2c,0x20,0x5f,0x34,0x33,0x29,0x29,0x20,0x2a,0x20,0x5f,0x34,0x38,0x29,
    0x20,0x2a,0x20,0x5f,0x35,0x39,0x29,0x20,0x2b,0x20,0x28,0x28,0x70,0x6f,0x77,0x28,
    0x31,0x2e,0x30,0x66,0x20,0x2d,0x20,0x6d,0x61,0x78,0x28,0x30,0x2e,0x30,0x66,0x2c,
    0x20,0x64,0x6f,0x74,0x28,0x6e,0x6f,0x72,0x6d,0x61,0x6c,0x69,0x7a,0x65,0x28,0x2d,
    0x66,0x73,0x5f,0x63,0x61,0x6d,0x5f,0x72,0x65,0x6c,0x5f,0x70,0x6f,0x73,0x29,0x2c,
    0x20,0x5f,0x31,0x33,0x29,0x29,0x2c,0x20,0x33,0x2e,0x30,0x66,0x29,0x20,0x2a,0x20,
    0x30,0x2e,0x31,0x31,0x39,0x39,0x39,0x39,0x39,0x39,0x37,0x33,0x31,0x37,0x37,0x39,
    0x30,0x39,0x38,0x35,0x31,0x30,0x37,0x34,0x32,0x31,0x38,0x37,0x35,0x66,0x29,0x2e,
    0x78,0x78,0x78,0x20,0x2a,0x20,0x5f,0x34,0x38,0x29,0x29,0x20,0x2b,0x20,0x28,0x28,
    0x66,0x73,0x5f,0x63,0x6f,0x6c,0x6f,0x72,0x20,0x2a,0x20,0x30,0x2e,0x30,0x37,0x39,
    0x39,0x39,0x39,0x39,0x39,0x38,0x32,0x31,0x31,0x38,0x36,0x30,0x36,0x35,0x36,0x37,
    0x33,0x38,0x32,0x38,0x31,0x32,0x35,0x66,0x29,0x20,0x2a,0x20,0x5f,0x35,0x39,0x29,
    0x3b,0x0a,0x20,0x20,0x20,0x20,0x66,0x6c,0x6f,0x61,0x74,0x33,0x20,0x63,0x6f,0x6c,
    0x6f,0x72,0x20,0x3d,0x20,0x6c,0x65,0x72,0x70,0x28,0x64,0x6f,0x74,0x28,0x5f,0x39,
    0x38,0x2c,0x20,0x66,0x6c,0x6f,0x61,0x74,0x33,0x28,0x30,0x2e,0x32,0x39,0x38,0x39,
    0x39,0x39,0x39,0x39,0x34,0x39,0x39,0x33,0x32,0x30,0x39,0x38,0x33,0x38,0x38,0x36,
    0x37,0x31,0x38,0x37,0x35,0x66,0x2c,0x20,0x30,0x2e,0x35,0x38,0x37,0x30,0x30,0x30,
    0x30,0x31,0x32,0x33,0x39,0x37,0x37,0x36,0x36,0x31,0x31,0x33,0x32,0x38,0x31,0x32,
    0x35,0x66,0x2c,0x20,0x30,0x2e,0x31,0x31,0x34,0x30,0x30,0x30,0x30,0x30,0x30,0x30,
    0x35,0x39,0x36,0x30,0x34,0x36,0x34,0x34,0x37,0x37,0x35,0x33,0x39,0x30,0x36,0x32,
    0x35,0x66,0x29,0x29,0x2e,0x78,0x78,0x78,0x2c,0x20,0x5f,0x39,0x38,0x2c,0x20,0x28,
    0x31,0x2e,0x30,0x66,0x20,0x2d,0x20,0x28,0x5f,0x34,0x38,0x20,0x2a,0x20,0x30,0x2e,
    0x33,0x30,0x30,0x30,0x30,0x30,0x30,0x31,0x31,0x39,0x32,0x30,0x39,0x32,0x38,0x39,
    0x35,0x35,0x30,0x37,0x38,0x31,0x32,0x35,0x66,0x29,0x29,0x2e,0x78,0x78,0x78,0x29,
    0x3b,0x0a,0x20,0x20,0x20,0x20,0x66,0x6c,0x6f,0x61,0x74,0x20,0x5f,0x31,0x33,0x37,
    0x20,0x3d,0x20,0x6c,0x65,0x6e,0x67,0x74,0x68,0x28,0x5f,0x31,0x38,0x5f,0x63,0x61,
    0x6d,0x65,0x72,0x61,0x5f,0x70,0x6f,0x73,0x2e,0x78,0x79,0x7a,0x29,0x20,0x2d,0x20,
    0x5f,0x31,0x38,0x5f,0x61,0x74,0x6d,0x6f,0x73,0x5f,0x70,0x61,0x72,0x61,0x6d,0x73,
    0x2e,0x78,0x3b,0x0a,0x20,0x20,0x20,0x20,0x66,0x6c,0x6f,0x61,0x74,0x20,0x5f,0x31,
    0x34,0x31,0x20,0x3d,0x20,0x5f,0x31,0x38,0x5f,0x61,0x74,0x6d,0x6f,0x73,0x5f,0x70,
    0x61,0x72,0x61,0x6d,0x73,0x2e,0x79,0x20,0x2d,0x20,0x5f,0x31,0x38,0x5f,0x61,0x74,
    0x6d,0x6f,0x73,0x5f,0x70,0x61,0x72,0x61,0x6d,0x73,0x2e,0x78,0x3b,0x0a,0x20,0x20,
    0x20,0x20,0x69,0x66,0x20,0x28,0x5f,0x31,0x33,0x37,0x20,0x3c,0x20,0x5f,0x31,0x34,
    0x31,0x29,0x0a,0x20,0x20,0x20,0x20,0x7b,0x0a,0x20,0x20,0x20,0x20,0x20,0x20,0x20,
    0x20,0x63,0x6f,0x6c,0x6f,0x72,0x20,0x3d,0x20,0x6c,0x65,0x72,0x70,0x28,0x63,0x6f,
    0x6c,0x6f,0x72,0x2c,0x20,0x28,0x66,0x6c,0x6f,0x61,0x74,0x33,0x28,0x30,0x2e,0x34,
    0x30,0x30,0x30,0x30,0x30,0x30,0x30,0x35,0x39,0x36,0x30,0x34,0x36,0x34,0x34,0x37,
    0x37,0x35,0x33,0x39,0x30,0x36,0x32,0x35,0x66,0x2c,0x20,0x30,0x2e,0x36,0x30,0x30,
    0x30,0x30,0x30,0x30,0x32,0x33,0x38,0x34,0x31,0x38,0x35,0x37,0x39,0x31,0x30,0x31,
    0x35,0x36,0x32,0x35,0x66,0x2c,0x20,0x31,0x2e,0x30,0x66,0x29,0x20,0x2a,0x20,0x5f,
    0x34,0x38,0x29,0x20,0x2a,0x20,0x30,0x2e,0x35,0x66,0x2c,0x20,0x63,0x6c,0x61,0x6d,
    0x70,0x28,0x31,0x2e,0x30,0x66,0x20,0x2d,0x20,0x65,0x78,0x70,0x28,0x28,0x28,0x2d,
    0x6c,0x65,0x6e,0x67,0x74,0x68,0x28,0x66,0x73,0x5f,0x63,0x61,0x6d,0x5f,0x72,0x65,
    0x6c,0x5f,0x70,0x6f,0x73,0x29,0x29,0x20,0x2a,0x20,0x65,0x78,0x70,0x28,0x28,0x2d,
    0x5f,0x31,0x33,0x37,0x29,0x20,0x2f,0x20,0x28,0x5f,0x31,0x34,0x31,0x20,0x2a,0x20,
    0x30,0x2e,0x31,0x35,0x30,0x30,0x30,0x30,0x30,0x30,0x35,0x39,0x36,0x30,0x34,0x36,
    0x34,0x34,0x37,0x37,0x35,0x33,0x39,0x30,0x36,0x32,0x35,0x66,0x29,0x29,0x29,0x20,
    0x2a,0x20,0x31,0x2e,0x39,0x39,0x39,0x39,0x39,0x39,0x39,0x34,0x39,0x34,0x37,0x35,
    0x37,0x35,0x30,0x33,0x32,0x37,0x31,0x31,0x30,0x32,0x39,0x30,0x35,0x32,0x37,0x33,
    0x34,0x33,0x38,0x65,0x2d,0x30,0x35,0x66,0x29,0x2c,0x20,0x30,0x2e,0x30,0x66,0x2c,
    0x20,0x30,0x2e,0x38,0x35,0x30,0x30,0x30,0x30,0x30,0x32,0x33,0x38,0x34,0x31,0x38,
    0x35,0x37,0x39,0x31,0x30,0x31,0x35,0x36,0x32,0x35,0x66,0x29,0x2e,0x78,0x78,0x78,
    0x29,0x3b,0x0a,0x20,0x20,0x20,0x20,0x7d,0x0a,0x20,0x20,0x20,0x20,0x66,0x72,0x61,
    0x67,0x5f,0x63,0x6f,0x6c,0x6f,0x72,0x20,0x3d,0x20,0x66,0x6c,0x6f,0x61,0x74,0x34,
    0x28,0x63,0x6f,0x6c,0x6f,0x72,0x2c,0x20,0x31,0x2e,0x30,0x66,0x29,0x3b,0x0a,0x7d,
    0x0a,0x0a,0x53,0x50,0x49,0x52,0x56,0x5f,0x43,0x72,0x6f,0x73,0x73,0x5f,0x4f,0x75,
    0x74,0x70,0x75,0x74,0x20,0x6d,0x61,0x69,0x6e,0x28,0x53,0x50,0x49,0x52,0x56,0x5f,
    0x43,0x72,0x6f,0x73,0x73,0x5f,0x49,0x6e,0x70,0x75,0x74,0x20,0x73,0x74,0x61,0x67,
    0x65,0x5f,0x69,0x6e,0x70,0x75,0x74,0x29,0x0a,0x7b,0x0a,0x20,0x20,0x20,0x20,0x66,
    0x73,0x5f,0x6e,0x6f,0x72,0x6d,0x61,0x6c,0x20,0x3d,0x20,0x73,0x74,0x61,0x67,0x65,
    0x5f,0x69,0x6e,0x70,0x75,0x74,0x2e,0x66,0x73,0x5f,0x6e,0x6f,0x72,0x6d,0x61,0x6c,
    0x3b,0x0a,0x20,0x20,0x20,0x20,0x66,0x73,0x5f,0x63,0x61,0x6d,0x5f,0x72,0x65,0x6c,
    0x5f,0x70,0x6f,0x73,0x20,0x3d,0x20,0x73,0x74,0x61,0x67,0x65,0x5f,0x69,0x6e,0x70,
    0x75,0x74,0x2e,0x66,0x73,0x5f,0x63,0x61,0x6d,0x5f,0x72,0x65,0x6c,0x5f,0x70,0x6f,
    0x73,0x3b,0x0a,0x20,0x20,0x20,0x20,0x66,0x73,0x5f,0x63,0x6f,0x6c,0x6f,0x72,0x20,
    0x3d,0x20,0x73,0x74,0x61,0x67,0x65,0x5f,0x69,0x6e,0x70,0x75,0x74,0x2e,0x66,0x73,
    0x5f,0x63,0x6f,0x6c,0x6f,0x72,0x3b,0x0a,0x20,0x20,0x20,0x20,0x66,0x72,0x61,0x67,
    0x5f,0x6d,0x61,0x69,0x6e,0x28,0x29,0x3b,0x0a,0x20,0x20,0x20,0x20,0x53,0x50,0x49,
    0x52,0x56,0x5f,0x43,0x72,0x6f,0x73,0x73,0x5f,0x4f,0x75,0x74,0x70,0x75,0x74,0x20,
    0x73,0x74,0x61,0x67,0x65,0x5f,0x6f,0x75,0x74,0x70,0x75,0x74,0x3b,0x0a,0x20,0x20,
    0x20,0x20,0x73,0x74,0x61,0x67,0x65,0x5f,0x6f,0x75,0x74,0x70,0x75,0x74,0x2e,0x66,
    0x72,0x61,0x67,0x5f,0x63,0x6f,0x6c,0x6f,0x72,0x20,0x3d,0x20,0x66,0x72,0x61,0x67,
    0x5f,0x63,0x6f,0x6c,0x6f,0x72,0x3b,0x0a,0x20,0x20,0x20,0x20,0x72,0x65,0x74,0x75,
    0x72,0x6e,0x20,0x73,0x74,0x61,0x67,0x65,0x5f,0x6f,0x75,0x74,0x70,0x75,0x74,0x3b,
    0x0a,0x7d,0x0a,0x00,
};
/*
    #include <metal_stdlib>
    #include <simd/simd.h>

    using namespace metal;

    struct planet_vs_params
    {
        float4x4 mvp;
        float4 camera_offset;
        float4 camera_offset_low;
        float4 log_depth;
    };

    struct main0_out
    {
        float3 fs_normal [[user(locn0)]];
        float3 fs_color [[user(locn1)]];
        float3 fs_cam_rel_pos [[user(locn2)]];
        float4 gl_Position [[position]];
    };

    struct main0_in
    {
        float3 a_position [[attribute(0)]];
        float3 a_normal [[attribute(1)]];
        float3 a_color [[attribute(2)]];
    };

    vertex main0_out main0(main0_in in [[stage_in]], constant planet_vs_params& _17 [[buffer(0)]])
    {
        main0_out out = {};
        float3 _29 = (in.a_position - _17.camera_offset.xyz) - _17.camera_offset_low.xyz;
        out.gl_Position = _17.mvp * float4(_29, 1.0);
        if (_17.log_depth.x > 0.0)
        {
            out.gl_Position.z = ((log2(fast::max(9.9999999747524270787835121154785e-07, 1.0 + out.gl_Position.w)) * _17.log_depth.x) + _17.log_depth.z) * out.gl_Position.w;
        }
        out.fs_normal = in.a_normal;
        out.fs_color = in.a_color;
        out.fs_cam_rel_pos = _29;
        return out;
    }

*/
static const uint8_t planet_vs_source_metal_macos[1096] = {
    0x23,0x69,0x6e,0x63,0x6c,0x75,0x64,0x65,0x20,0x3c,0x6d,0x65,0x74,0x61,0x6c,0x5f,
    0x73,0x74,0x64,0x6c,0x69,0x62,0x3e,0x0a,0x23,0x69,0x6e,0x63,0x6c,0x75,0x64,0x65,
    0x20,0x3c,0x73,0x69,0x6d,0x64,0x2f,0x73,0x69,0x6d,0x64,0x2e,0x68,0x3e,0x0a,0x0a,
    0x75,0x73,0x69,0x6e,0x67,0x20,0x6e,0x61,0x6d,0x65,0x73,0x70,0x61,0x63,0x65,0x20,
    0x6d,0x65,0x74,0x61,0x6c,0x3b,0x0a,0x0a,0x73,0x74,0x72,0x75,0x63,0x74,0x20,0x70,
    0x6c,0x61,0x6e,0x65,0x74,0x5f,0x76,0x73,0x5f,0x70,0x61,0x72,0x61,0x6d,0x73,0x0a,
    0x7b,0x0a,0x20,0x20,0x20,0x20,0x66,0x6c,0x6f,0x61,0x74,0x34,0x78,0x34,0x20,0x6d,
    0x76,0x70,0x3b,0x0a,0x20,0x20,0x20,0x20,0x66,0x6c,0x6f,0x61,0x74,0x34,0x20,0x63,
    0x61,0x6d,0x65,0x72,0x61,0x5f,0x6f,0x66,0x66,0x73,0x65,0x74,0x3b,0x0a,0x20,0x20,
    0x20,0x20,0x66,0x6c,0x6f,0x61,0x74,0x34,0x20,0x63,0x61,0x6d,0x65,0x72,0x61,0x5f,
    0x6f,0x66,0x66,0x73,0x65,0x74,0x5f,0x6c,0x6f,0x77,0x3b,0x0a,0x20,0x20,0x20,0x20,
    0x66,0x6c,0x6f,0x61,0x74,0x34,0x20,0x6c,0x6f,0x67,0x5f,0x64,0x65,0x70,0x74,0x68,
    0x3b,0x0a,0x7d,0x3b,0x0a,0x0a,0x73,0x74,0x72,0x75,0x63,0x74,0x20,0x6d,0x61,0x69,
    0x6e,0x30,0x5f,0x6f,0x75,0x74,0x0a,0x7b,0x0a,0x20,0x20,0x20,0x20,0x66,0x6c,0x6f,
    0x61,0x74,0x33,0x20,0x66,0x73,0x5f,0x6e,0x6f,0x72,0x6d,0x61,0x6c,0x20,0x5b,0x5b,
    0x75,0x73,0x65,0x72,0x28,0x6c,0x6f,0x63,0x6e,0x30,0x29,0x5d,0x5d,0x3b,0x0a,0x20,
    0x20,0x20,0x20,0x66,0x6c,0x6f,0x61,0x74,0x33,0x20,0x66,0x73,0x5f,0x63,0x6f,0x6c,
    0x6f,0x72,0x20,0x5b,0x5b,0x75,0x73,0x65,0x72,0x28,0x6c,0x6f,0x63,0x6e,0x31,0x29,
    0x5d,0x5d,0x3b,0x0a,0x20,0x20,0x20,0x20,0x66,0x6c,0x6f,0x61,0x74,0x33,0x20,0x66,
    0x73,0x5f,0x63,0x61,0x6d,0x5f,0x72,0x65,0x6c,0x5f,0x70,0x6f,0x73,0x20,0x5b,0x5b,
    0x75,0x73,0x65,0x72,0x28,0x6c,0x6f,0x63,0x6e,0x32,0x29,0x5d,0x5d,0x3b,0x0a,0x20,
    0x20,0x20,0x20,0x66,0x6c,0x6f,0x61,0x74,0x34,0x20,0x67,0x6c,0x5f,0x50,0x6f,0x73,
    0x69,0x74,0x69,0x6f,0x6e,0x20,0x5b,0x5b,0x70,0x6f,0x73,0x69,0x74,0x69,0x6f,0x6e,
    0x5d,0x5d,0x3b,0x0a,0x7d,0x3b,0x0a,0x0a,0x73,0x74,0x72,0x75,0x63,0x74,0x20,0x6d,
    0x61,0x69,0x6e,0x30,0x5f,0x69,0x6e,0x0a,0x7b,0x0a,0x20,0x20,0x20,0x20,0x66,0x6c,
    0x6f,0x61,0x74,0x33,0x20,0x61,0x5f,0x70,0x6f,0x73,0x69,0x74,0x69,0x6f,0x6e,0x20,
    0x5b,0x5b,0x61,0x74,0x74,0x72,0x69,0x62,0x75,0x74,0x65,0x28,0x30,0x29,0x5d,0x5d,
    0x3b,0x0a,0x20,0x20,0x20,0x20,0x66,0x6c,0x6f,0x61,0x74,0x33,0x20,0x61,0x5f,0x6e,
    0x6f,0x72,0x6d,0x61,0x6c,0x20,0x5b,0x5b,0x61,0x74,0x74,0x72,0x69,0x62,0x75,0x74,
    0x65,0x28,0x31,0x29,0x5d,0x5d,0x3b,0x0a,0x20,0x20,0x20,0x20,0x66,0x6c,0x6f,0x61,
    0x74,0x33,0x20,0x61,0x5f,0x63,0x6f,0x6c,0x6f,0x72,0x20,0x5b,0x5b,0x61,0x74,0x74,
    0x72,0x69,0x62,0x75,0x74,0x65,0x28,0x32,0x29,0x5d,0x5d,0x3b,0x0a,0x7d,0x3b,0x0a,
    0x0a,0x76,0x65,0x72,0x74,0x65,0x78,0x20,0x6d,0x61,0x69,0x6e,0x30,0x5f,0x6f,0x75,
    0x74,0x20,0x6d,0x61,0x69,0x6e,0x30,0x28,0x6d,0x61,0x69,0x6e,0x30,0x5f,0x69,0x6e,
    0x20,0x69,0x6e,0x20,0x5b,0x5b,0x73,0x74,0x61,0x67,0x65,0x5f,0x69,0x6e,0x5d,0x5d,
    0x2c,0x20,0x63,0x6f,0x6e,0x73,0x74,0x61,0x6e,0x74,0x20,0x70,0x6c,0x61,0x6e,0x65,
    0x74,0x5f,0x76,0x73,0x5f,0x70,0x61,0x72,0x61,0x6d,0x73,0x26,0x20,0x5f,0x31,0x37,
    0x20,0x5b,0x5b,0x62,0x75,0x66,0x66,0x65,0x72,0x28,0x30,0x29,0x5d,0x5d,0x29,0x0a,
    0x7b,0x0a,0x20,0x20,0x20,0x20,0x6d,0x61,0x69,0x6e,0x30,0x5f,0x6f,0x75,0x74,0x20,
    0x6f,0x75,0x74,0x20,0x3d,0x20,0x7b,0x7d,0x3b,0x0a,0x20,0x20,0x20,0x20,0x66,0x6c,
    0x6f,0x61,0x74,0x33,0x20,0x5f,0x32,0x39,0x20,0x3d,0x20,0x28,0x69,0x6e,0x2e,0x61,
    0x5f,0x70,0x6f,0x73,0x69,0x74,0x69,0x6f,0x6e,0x20,0x2d,0x20,0x5f,0x31,0x37,0x2e,
    0x63,0x61,0x6d,0x65,0x72,0x61,0x5f,0x6f,0x66,0x66,0x73,0x65,0x74,0x2e,0x78,0x79,
    0x7a,0x29,0x20,0x2d,0x20,0x5f,0x31,0x37,0x2e,0x63,0x61,0x6d,0x65,0x72,0x61,0x5f,
    0x6f,0x66,0x66,0x73,0x65,0x74,0x5f,0x6c,0x6f,0x77,0x2e,0x78,0x79,0x7a,0x3b,0x0a,
    0x20,0x20,0x20,0x20,0x6f,0x75,0x74,0x2e,0x67,0x6c,0x5f,0x50,0x6f,0x73,0x69,0x74,
    0x69,0x6f,0x6e,0x20,0x3d,0x20,0x5f,0x31,0x37,0x2e,0x6d,0x76,0x70,0x20,0x2a,0x20,
    0x66,0x6c,0x6f,0x61,0x74,0x34,0x28,0x5f,0x32,0x39,0x2c,0x20,0x31,0x2e,0x30,0x29,
    0x3b,0x0a,0x20,0x20,0x20,0x20,0x69,0x66,0x20,0x28,0x5f,0x31,0x37,0x2e,0x6c,0x6f,
    0x67,0x5f,0x64,0x65,0x70,0x74,0x68,0x2e,0x78,0x20,0x3e,0x20,0x30,0x2e,0x30,0x29,
    0x0a,0x20,0x20,0x20,0x20,0x7b,0x0a,0x20,0x20,0x20,0x20,0x20,0x20,0x20,0x20,0x6f,
    0x75,0x74,0x2e,0x67,0x6c,0x5f,0x50,0x6f,0x73,0x69,0x74,0x69,0x6f,0x6e,0x2e,0x7a,
    0x20,0x3d,0x20,0x28,0x28,0x6c,0x6f,0x67,0x32,0x28,0x66,0x61,0x73,0x74,0x3a,0x3a,
    0x6d,0x61,0x78,0x28,0x39,0x2e,0x39,0x39,0x39,0x39,0x39,0x39,0x39,0x37,0x34,0x37,
    0x35,0x32,0x34,0x32,0x37,0x30,0x37,0x38,0x37,0x38,0x33,0x35,0x31,0x32,0x31,0x31,
    0x35,0x34,0x37,0x38,0x35,0x65,0x2d,0x30,0x37,0x2c,0x20,0x31,0x2e,0x30,0x20,0x2b,
    0x20,0x6f,0x75,0x74,0x2e,0x67,0x6c,0x5f,0x50,0x6f,0x73,0x69,0x74,0x69,0x6f,0x6e,
    0x2e,0x77,0x29,0x29,0x20,0x2a,0x20,0x5f,0x31,0x37,0x2e,0x6c,0x6f,0x67,0x5f,0x64,
    0x65,0x70,0x74,0x68,0x2e,0x78,0x29,0x20,0x2b,0x20,0x5f,0x31,0x37,0x2e,0x6c,0x6f,
    0x67,0x5f,0x64,0x65,0x70,0x74,0x68,0x2e,0x7a,0x29,0x20,0x2a,0x20,0x6f,0x75,0x74,
    0x2e,0x67,0x6c,0x5f,0x50,0x6f,0x73,0x69,0x74,0x69,0x6f,0x6e,0x2e,0x77,0x3b,0x0a,
    0x20,0x20,0x20,0x20,0x7d,0x0a,0x20,0x20,0x20,0x20,0x6f,0x75,0x74,0x2e,0x66,0x73,
    0x5f,0x6e,0x6f,0x72,0x6d,0x61,0x6c,0x20,0x3d,0x20,0x69,0x6e,0x2e,0x61,0x5f,0x6e,
    0x6f,0x72,0x6d,0x61,0x6c,0x3b,0x0a,0x20,0x20,0x20,0x20,0x6f,0x75,0x74,0x2e,0x66,
    0x73,0x5f,0x63,0x6f,0x6c,0x6f,0x72,0x20,0x3d,0x20,0x69,0x6e,0x2e,0x61,0x5f,0x63,
    0x6f,0x6c,0x6f,0x72,0x3b,0x0a,0x20,0x20,0x20,0x20,0x6f,0x75,0x74,0x2e,0x66,0x73,
    0x5f,0x63,0x61,0x6d,0x5f,0x72,0x65,0x6c,0x5f,0x70,0x6f,0x73,0x20,0x3d,0x20,0x5f,
    0x32,0x39,0x3b,0x0a,0x20,0x20,0x20,0x20,0x72,0x65,0x74,0x75,0x72,0x6e,0x20,0x6f,
    0x75,0x74,0x3b,0x0a,0x7d,0x0a,0x0a,0x00,
};
/*
    #include <metal_stdlib>
    #include <simd/simd.h>

    using namespace metal;

    struct planet_fs_params
    {
        float4 sun_direction;
        float4 camera_pos;
        float4 atmos_params;
    };

    struct main0_out
    {
        float4 frag_color [[color(0)]];
    };

    struct main0_in
    {
        float3 fs_normal [[user(locn0)]];
        float3 fs_color [[user(locn1)]];
        float3 fs_cam_rel_pos [[user(locn2)]];
    };

    fragment main0_out main0(main0_in in [[stage_in]], constant planet_fs_params& _18 [[buffer(1)]])
    {
        main0_out out = {};
        float3 _13 = fast::normalize(in.fs_normal);
        float _43 = dot(_13, fast::normalize(_18.sun_direction.xyz));
        float _48 = smoothstep(-0.100000001490116119384765625, 0.300000011920928955078125, _43);
        float _59 = mix(0.449999988079071044921875, 1.0, smoothstep(-0.100000001490116119384765625, 0.5, dot(_13, fast::normalize(_18.camera_pos.xyz + in.fs_cam_rel_pos))));
        float3 _98 = ((((in.fs_color * fast::max(0.0, _43)) * _48) * _59) + (float3(powr(1.0 - fast::max(0.0, dot(fast::normalize(-in.fs_cam_rel_pos), _13)), 3.0) * 0.119999997317790985107421875) * _48)) + ((in.fs_color * 0.07999999821186065673828125) * _59);
        float3 color = mix(float3(dot(_98, float3(0.2989999949932098388671875, 0.58700001239776611328125, 0.114000000059604644775390625))), _98, float3(1.0 - (_48 * 0.300000011920928955078125)));
        float _137 = length(_18.camera_pos.xyz) - _18.atmos_params.x;
        float _141 = _18.atmos_params.y - _18.atmos_params.x;
        if (_137 < _141)
        {
            color = mix(color, (float3(0.4000000059604644775390625, 0.60000002384185791015625, 1.0) * _48) * 0.5, float3(fast::clamp(1.0 - exp(((-length(in.fs_cam_rel_pos)) * exp((-_137) / (_141 * 0.1500000059604644775390625))) * 1.9999999494757503271102905273438e-05), 0.0, 0.85000002384185791015625)));
        }
        out.frag_color = float4(color, 1.0);
        return out;
    }

*/
static const uint8_t planet_fs_source_metal_macos[1842] = {
    0x23,0x69,0x6e,0x63,0x6c,0x75,0x64,0x65,0x20,0x3c,0x6d,0x65,0x74,0x61,0x6c,0x5f,
    0x73,0x74,0x64,0x6c,0x69,0x62,0x3e,0x0a,0x23,0x69,0x6e,0x63,0x6c,0x75,0x64,0x65,
    0x20,0x3c,0x73,0x69,0x6d,0x64,0x2f,0x73,0x69,0x6d,0x64,0x2e,0x68,0x3e,0x0a,0x0a,
    0x75,0x73,0x69,0x6e,0x67,0x20,0x6e,0x61,0x6d,0x65,0x73,0x70,0x61,0x63,0x65,0x20,
    0x6d,0x65,0x74,0x61,0x6c,0x3b,0x0a,0x0a,0x73,0x74,0x72,0x75,0x63,0x74,0x20,0x70,
    0x6c,0x61,0x6e,0x65,0x74,0x5f,0x66,0x73,0x5f,0x70,0x61,0x72,0x61,0x6d,0x73,0x0a,
    0x7b,0x0a,0x20,0x20,0x20,0x20,0x66,0x6c,0x6f,0x61,0x74,0x34,0x20,0x73,0x75,0x6e,
    0x5f,0x64,0x69,0x72,0x65,0x63,0x74,0x69,0x6f,0x6e,0x3b,0x0a,0x20,0x20,0x20,0x20,
    0x66,0x6c,0x6f,0x61,0x74,0x34,0x20,0x63,0x61,0x6d,0x65,0x72,0x61,0x5f,0x70,0x6f,
    0x73,0x3b,0x0a,0x20,0x20,0x20,0x20,0x66,0x6c,0x6f,0x61,0x74,0x34,0x20,0x61,0x74,
    0x6d,0x6f,0x73,0x5f,0x70,0x61,0x72,0x61,0x6d,0x73,0x3b,0x0a,0x7d,0x3b,0x0a,0x0a,
    0x73,0x74,0x72,0x75,0x63,0x74,0x20,0x6d,0x61,0x69,0x6e,0x30,0x5f,0x6f,0x75,0x74,
    0x0a,0x7b,0x0a,0x20,0x20,0x20,0x20,0x66,0x6c,0x6f,0x61,0x74,0x34,0x20,0x66,0x72,
    0x61,0x67,0x5f,0x63,0x6f,0x6c,0x6f,0x72,0x20,0x5b,0x5b,0x63,0x6f,0x6c,0x6f,0x72,
    0x28,0x30,0x29,0x5d,0x5d,0x3b,0x0a,0x7d,0x3b,0x0a,0x0a,0x73,0x74,0x72,0x75,0x63,
    0x74,0x20,0x6d,0x61,0x69,0x6e,0x30,0x5f,0x69,0x6e,0x0a,0x7b,0x0a,0x20,0x20,0x20,
    0x20,0x66,0x6c,0x6f,0x61,0x74,0x33,0x20,0x66,0x73,0x5f,0x6e,0x6f,0x72,0x6d,0x61,
    0x6c,0x20,0x5b,0x5b,0x75,0x73,0x65,0x72,0x28,0x6c,0x6f,0x63,0x6e,0x30,0x29,0x5d,
    0x5d,0x3b,0x0a,0x20,0x20,0x20,0x20,0x66,0x6c,0x6f,0x61,0x74,0x33,0x20,0x66,0x73,
    0x5f,0x63,0x6f,0x6c,0x6f,0x72,0x20,0x5b,0x5b,0x75,0x73,0x65,0x72,0x28,0x6c,0x6f,
    0x63,0x6e,0x31,0x29,0x5d,0x5d,0x3b,0x0a,0x20,0x20,0x20,0x20,0x66,0x6c,0x6f,0x61,
    0x74,0x33,0x20,0x66,0x73,0x5f,0x63,0x61,0x6d,0x5f,0x72,0x65,0x6c,0x5f,0x70,0x6f,
    0x73,0x20,0x5b,0x5b,0x75,0x73,0x65,0x72,0x28,0x6c,0x6f,0x63,0x6e,0x32,0x29,0x5d,
    0x5d,0x3b,0x0a,0x7d,0x3b,0x0a,0x0a,0x66,0x72,0x61,0x67,0x6d,0x65,0x6e,0x74,0x20,
    0x6d,0x61,0x69,0x6e,0x30,0x5f,0x6f,0x75,0x74,0x20,0x6d,0x61,0x69,0x6e,0x30,0x28,
    0x6d,0x61,0x69,0x6e,0x30,0x5f,0x69,0x6e,0x20,0x69,0x6e,0x20,0x5b,0x5b,0x73,0x74,
    0x61,0x67,0x65,0x5f,0x69,0x6e,0x5d,0x5d,0x2c,0x20,0x63,0x6f,0x6e,0x73,0x74,0x61,
    0x6e,0x74,0x20,0x70,0x6c,0x61,0x6e,0x65,0x74,0x5f,0x66,0x73,0x5f,0x70,0x61,0x72,
    0x61,0x6d,0x73,0x26,0x20,0x5f,0x31,0x38,0x20,0x5b,0x5b,0x62,0x75,0x66,0x66,0x65,
    0x72,0x28,0x31,0x29,0x5d,0x5d,0x29,0x0a,0x7b,0x0a,0x20,0x20,0x20,0x20,0x6d,0x61,
    0x69,0x6e,0x30,0x5f,0x6f,0x75,0x74,0x20,0x6f,0x75,0x74,0x20,0x3d,0x20,0x7b,0x7d,
    0x3b,0x0a,0x20,0x20,0x20,0x20,0x66,0x6c,0x6f,0x61,0x74,0x33,0x20,0x5f,0x31,0x33,
    0x20,0x3d,0x20,0x66,0x61,0x73,0x74,0x3a,0x3a,0x6e,0x6f,0x72,0x6d,0x61,0x6c,0x69,
    0x7a,0x65,0x28,0x69,0x6e,0x2e,0x66,0x73,0x5f,0x6e,0x6f,0x72,0x6d,0x61,0x6c,0x29,
    0x3b,0x0a,0x20,0x20,0x20,0x20,0x66,0x6c,0x6f,0x61,0x74,0x20,0x5f,0x34,0x33,0x20,
    0x3d,0x20,0x64,0x6f,0x74,0x28,0x5f,0x31,0x33,0x2c,0x20,0x66,0x61,0x73,0x74,0x3a,
    0x3a,0x6e,0x6f,0x72,0x6d,0x61,0x6c,0x69,0x7a,0x65,0x28,0x5f,0x31,0x38,0x2e,0x73,
    0x75,0x6e,0x5f,0x64,0x69,0x72,0x65,0x63,0x74,0x69,0x6f,0x6e,0x2e,0x78,0x79,0x7a,
    0x29,0x29,0x3b,0x0a,0x20,0x20,0x20,0x20,0x66,0x6c,0x6f,0x61,0x74,0x20,0x5f,0x34,
    0x38,0x20,0x3d,0x20,0x73,0x6d,0x6f,0x6f,0x74,0x68,0x73,0x74,0x65,0x70,0x28,0x2d,
    0x30,0x2e,0x31,0x30,0x30,0x30,0x30,0x30,0x30,0x30,0x31,0x34,0x39,0x30,0x31,0x31,
    0x36,0x31,0x31,0x39,0x33,0x38,0x34,0x37,0x36,0x35,0x36,0x32,0x35,0x2c,0x20,0x30,
    0x2e,0x33,0x30,0x30,0x30,0x30,0x30,0x30,0x31,0x31,0x39,0x32,0x30,0x39,0x32,0x38,
    0x39,0x35,0x35,0x30,0x37,0x38,0x31,0x32,0x35,0x2c,0x20,0x5f,0x34,0x33,0x29,0x3b,
    0x0a,0x20,0x20,0x20,0x20,0x66,0x6c,0x6f,0x61,0x74,0x20,0x5f,0x35,0x39,0x20,0x3d,
    0x20,0x6d,0x69,0x78,0x28,0x30,0x2e,0x34,0x34,0x39,0x39,0x39,0x39,0x39,0x38,0x38,
    0x30,0x37,0x39,0x30,0x37,0x31,0x30,0x34,0x34,0x39,0x32,0x31,0x38,0x37,0x35,0x2c,
    0x20,0x31,0x2e,0x30,0x2c,0x20,0x73,0x6d,0x6f,0x6f,0x74,0x68,0x73,0x74,0x65,0x70,
    0x28,0x2d,0x30,0x2e,0x31,0x30,0x30,0x30,0x30,0x30,0x30,0x30,0x31,0x34,0x39,0x30,
    0x31,0x31,0x36,0x31,0x31,0x39,0x33,0x38,0x34,0x37,0x36,0x35,0x36,0x32,0x35,0x2c,
    0x20,0x30,0x2e,0x35,0x2c,0x20,0x64,0x6f,0x74,0x28,0x5f,0x31,0x33,0x2c,0x20,0x66,
    0x61,0x73,0x74,0x3a,0x3a,0x6e,0x6f,0x72,0x6d,0x61,0x6c,0x69,0x7a,0x65,0x28,0x5f,
    0x31,0x38,0x2e,0x63,0x61,0x6d,0x65,0x72,0x61,0x5f,0x70,0x6f,0x73,0x2e,0x78,0x79,
    0x7a,0x20,0x2b,0x20,0x69,0x6e,0x2e,0x66,0x73,0x5f,0x63,0x61,0x6d,0x5f,0x72,0x65,
    0x6c,0x5f,0x70,0x6f,0x73,0x29,0x29,0x29,0x29,0x3b,0x0a,0x20,0x20,0x20,0x20,0x66,
    0x6c,0x6f,0x61,0x74,0x33,0x20,0x5f,0x39,0x38,0x20,0x3d,0x20,0x28,0x28,0x28,0x28,
    0x69,0x6e,0x2e,0x66,0x73,0x5f,0x63,0x6f,0x6c,0x6f,0x72,0x20,0x2a,0x20,0x66,0x61,
    0x73,0x74,0x3a,0x3a,0x6d,0x61,0x78,0x28,0x30,0x2e,0x30,0x2c,0x20,0x5f,0x34,0x33,
    0x29,0x29,0x20,0x2a,0x20,0x5f,0x34,0x38,0x29,0x20,0x2a,0x20,0x5f,0x35,0x39,0x29,
    0x20,0x2b,0x20,0x28,0x66,0x6c,0x6f,0x61,0x74,0x33,0x28,0x70,0x6f,0x77,0x72,0x28,
    0x31,0x2e,0x30,0x20,0x2d,0x20,0x66,0x61,0x73,0x74,0x3a,0x3a,0x6d,0x61,0x78,0x28,
    0x30,0x2e,0x30,0x2c,0x20,0x64,0x6f,0x74,0x28,0x66,0x61,0x73,0x74,0x3a,0x3a,0x6e,
    0x6f,0x72,0x6d,0x61,0x6c,0x69,0x7a,0x65,0x28,0x2d,0x69,0x6e,0x2e,0x66,0x73,0x5f,
    0x63,0x61,0x6d,0x5f,0x72,0x65,0x6c,0x5f,0x70,0x6f,0x73,0x29,0x2c,0x20,0x5f,0x31,
    0x33,0x29,0x29,0x2c,0x20,0x33,0x2e,0x30,0x29,0x20,0x2a,0x20,0x30,0x2e,0x31,0x31,
    0x39,0x39,0x39,0x39,0x39,0x39,0x37,0x33,0x31,0x37,0x37,0x39,0x30,0x39,0x38,0x35,
    0x31,0x30,0x37,0x34,0x32,0x31,0x38,0x37,0x35,0x29,0x20,0x2a,0x20,0x5f,0x34,0x38,
    0x29,0x29,0x20,0x2b,0x20,0x28,0x28,0x69,0x6e,0x2e,0x66,0x73,0x5f,0x63,0x6f,0x6c,
    0x6f,0x72,0x20,0x2a,0x20,0x30,0x2e,0x30,0x37,0x39,0x39,0x39,0x39,0x39,0x39,0x38,
    0x32,0x31,0x31,0x38,0x36,0x30,0x36,0x35,0x36,0x37,0x33,0x38,0x32,0x38,0x31,0x32,
    0x35,0x29,0x20,0x2a,0x20,0x5f,0x35,0x39,0x29,0x3b,0x0a,0x20,0x20,0x20,0x20,0x66,
    0x6c,0x6f,0x61,0x74,0x33,0x20,0x63,0x6f,0x6c,0x6f,0x72,0x20,0x3d,0x20,0x6d,0x69,
    0x78,0x28,0x66,0x6c,0x6f,0x61,0x74,0x33,0x28,0x64,0x6f,0x74,0x28,0x5f,0x39,0x38,
    0x2c,0x20,0x66,0x6c,0x6f,0x61,0x74,0x33,0x28,0x30,0x2e,0x32,0x39,0x38,0x39,0x39,
    0x39,0x39,0x39,0x34,0x39,0x39,0x33,0x32,0x30,0x39,0x38,0x33,0x38,0x38,0x36,0x37,
    0x31,0x38,0x37,0x35,0x2c,0x20,0x30,0x2e,0x35,0x38,0x37,0x30,0x30,0x30,0x30,0x31,
    0x32,0x33,0x39,0x37,0x37,0x36,0x36,0x31,0x31,0x33,0x32,0x38,0x31,0x32,0x35,0x2c,
    0x20,0x30,0x2e,0x31,0x31,0x34,0x30,0x30,0x30,0x30,0x30,0x30,0x30,0x35,0x39,0x36,
    0x30,0x34,0x36,0x34,0x34,0x37,0x37,0x35,0x33,0x39,0x30,0x36,0x32,0x35,0x29,0x29,
    0x29,0x2c,0x20,0x5f,0x39,0x38,0x2c,0x20,0x66,0x6c,0x6f,0x61,0x74,0x33,0x28,0x31,
    0x2e,0x30,0x20,0x2d,0x20,0x28,0x5f,0x34,0x38,0x20,0x2a,0x20,0x30,0x2e,0x33,0x30,
    0x30,0x30,0x30,0x30,0x30,0x31,0x31,0x39,0x32,0x30,0x39,0x32,0x38,0x39,0x35,0x35,
    0x30,0x37,0x38,0x31,0x32,0x35,0x29,0x29,0x29,0x3b,0x0a,0x20,0x20,0x20,0x20,0x66,
    0x6c,0x6f,0x61,0x74,0x20,0x5f,0x31,0x33,0x37,0x20,0x3d,0x20,0x6c,0x65,0x6e,0x67,
    0x74,0x68,0x28,0x5f,0x31,0x38,0x2e,0x63,0x61,0x6d,0x65,0x72,0x61,0x5f,0x70,0x6f,
    0x73,0x2e,0x78,0x79,0x7a,0x29,0x20,0x2d,0x20,0x5f,0x31,0x38,0x2e,0x61,0x74,0x6d,
    0x6f,0x73,0x5f,0x70,0x61,0x72,0x61,0x6d,0x73,0x2e,0x78,0x3b,0x0a,0x20,0x20,0x20,
    0x20,0x66,0x6c,0x6f,0x61,0x74,0x20,0x5f,0x31,0x34,0x31,0x20,0x3d,0x20,0x5f,0x31,
    0x38,0x2e,0x61,0x74,0x6d,0x6f,0x73,0x5f,0x70,0x61,0x72,0x61,0x6d,0x73,0x2e,0x79,
    0x20,0x2d,0x20,0x5f,0x31,0x38,0x2e,0x61,0x74,0x6d,0x6f,0x73,0x5f,0x70,0x61,0x72,
    0x61,0x6d,0x73,0x2e,0x78,0x3b,0x0a,0x20,0x20,0x20,0x20,0x69,0x66,0x20,0x28,0x5f,
    0x31,0x33,0x37,0x20,0x3c,0x20,0x5f,0x31,0x34,0x31,0x29,0x0a,0x20,0x20,0x20,0x20,
    0x7b,0x0a,0x20,0x20,0x20,0x20,0x20,0x20,0x20,0x20,0x63,0x6f,0x6c,0x6f,0x72,0x20,
    0x3d,0x20,0x6d,0x69,0x78,0x28,0x63,0x6f,0x6c,0x6f,0x72,0x2c,0x20,0x28,0x66,0x6c,
    0x6f,0x61,0x74,0x33,0x28,0x30,0x2e,0x34,0x30,0x30,0x30,0x30,0x30,0x30,0x30,0x35,
    0x39,0x36,0x30,0x34,0x36,0x34,0x34,0x37,0x37,0x35,0x33,0x39,0x30,0x36,0x32,0x35,
    0x2c,0x20,0x30,0x2e,0x36,0x30,0x30,0x30,0x30,0x30,0x30,0x32,0x33,0x38,0x34,0x31,
    0x38,0x35,0x37,0x39,0x31,0x30,0x31,0x35,0x36,0x32,0x35,0x2c,0x20,0x31,0x2e,0x30,
    0x29,0x20,0x2a,0x20,0x5f,0x34,0x38,0x29,0x20,0x2a,0x20,0x30,0x2e,0x35,0x2c,0x20,
    0x66,0x6c,0x6f,0x61,0x74,0x33,0x28,0x66,0x61,0x73,0x74,0x3a,0x3a,0x63,0x6c,0x61,
    0x6d,0x70,0x28,0x31,0x2e,0x30,0x20,0x2d,0x20,0x65,0x78,0x70,0x28,0x28,0x28,0x2d,
    0x6c,0x65,0x6e,0x67,0x74,0x68,0x28,0x69,0x6e,0x2e,0x66,0x73,0x5f,0x63,0x61,0x6d,
    0x5f,0x72,0x65,0x6c,0x5f,0x70,0x6f,0x73,0x29,0x29,0x20,0x2a,0x20,0x65,0x78,0x70,
    0x28,0x28,0x2d,0x5f,0x31,0x33,0x37,0x29,0x20,0x2f,0x20,0x28,0x5f,0x31,0x34,0x31,
    0x20,0x2a,0x20,0x30,0x2e,0x31,0x35,0x30,0x30,0x30,0x30,0x30,0x30,0x35,0x39,0x36,
    0x30,0x34,0x36,0x34,0x34,0x37,0x37,0x35,0x33,0x39,0x30,0x36,0x32,0x35,0x29,0x29,
    0x29,0x20,0x2a,0x20,0x31,0x2e,0x39,0x39,0x39,0x39,0x39,0x39,0x39,0x34,0x39,0x34,
    0x37,0x35,0x37,0x35,0x30,0x33,0x32,0x37,0x31,0x31,0x30,0x32,0x39,0x30,0x35,0x32,
    0x37,0x33,0x34,0x33,0x38,0x65,0x2d,0x30,0x35,0x29,0x2c,0x20,0x30,0x2e,0x30,0x2c,
    0x20,0x30,0x2e,0x38,0x35,0x30,0x30,0x30,0x30,0x30,0x32,0x33,0x38,0x34,0x31,0x38,
    0x35,0x37,0x39,0x31,0x30,0x31,0x35,0x36,0x32,0x35,0x29,0x29,0x29,0x3b,0x0a,0x20,
    0x20,0x20,0x20,0x7d,0x0a,0x20,0x20,0x20,0x20,0x6f,0x75,0x74,0x2e,0x66,0x72,0x61,
    0x67,0x5f,0x63,0x6f,0x6c,0x6f,0x72,0x20,0x3d,0x20,0x66,0x6c,0x6f,0x61,0x74,0x34,
    0x28,0x63,0x6f,0x6c,0x6f,0x72,0x2c,0x20,0x31,0x2e,0x30,0x29,0x3b,0x0a,0x20,0x20,
    0x20,0x20,0x72,0x65,0x74,0x75,0x72,0x6e,0x20,0x6f,0x75,0x74,0x3b,0x0a,0x7d,0x0a,
    0x0a,0x00,
};
/*
    diagnostic(off, derivative_uniformity);

    struct planet_vs_params {
      /_ @offset(0) _/
      mvp : mat4x4f,
      /_ @offset(64) _/
      camera_offset : vec4f,
      /_ @offset(80) _/
      camera_offset_low : vec4f,
      /_ @offset(96) _/
      log_depth : vec4f,
    }

    var<private> a_position : vec3f;

    @binding(0) @group(0) var<uniform> x_17 : planet_vs_params;

    var<private> fs_normal : vec3f;

    var<private> a_normal : vec3f;

    var<private> fs_color : vec3f;

    var<private> a_color : vec3f;

    var<private> fs_cam_rel_pos : vec3f;

    var<private> gl_Position : vec4f;

    fn main_1() {
      var cam_rel_pos : vec3f;
      var Fcoef : f32;
      var w : f32;
      cam_rel_pos = ((a_position - x_17.camera_offset.xyz) - x_17.camera_offset_low.xyz);
      gl_Position = (x_17.mvp * vec4f(cam_rel_pos.x, cam_rel_pos.y, cam_rel_pos.z, 1.0f));
      Fcoef = x_17.log_depth.x;
      if ((Fcoef > 0.0f)) {
        w = gl_Position.w;
        gl_Position.z = (((log2(max(0.00000099999999747524f, (1.0f + w))) * Fcoef) + x_17.log_depth.z) * w);
      }
      fs_normal = a_normal;
      fs_color = a_color;
      fs_cam_rel_pos = cam_rel_pos;
      return;
    }

    struct main_out {
      @builtin(position)
      gl_Position : vec4f,
      @location(0)
      fs_normal_1 : vec3f,
      @location(1)
      fs_color_1 : vec3f,
      @location(2)
      fs_cam_rel_pos_1 : vec3f,
    }

    @vertex
    fn main(@location(0) a_position_param : vec3f, @location(1) a_normal_param : vec3f, @location(2) a_color_param : vec3f) -> main_out {
      a_position = a_position_param;
      a_normal = a_normal_param;
      a_color = a_color_param;
      main_1();
      return main_out(gl_Position, fs_normal, fs_color, fs_cam_rel_pos);
    }
*/
static const uint8_t planet_vs_source_wgsl[1558] = {
    0x64,0x69,0x61,0x67,0x6e,0x6f,0x73,0x74,0x69,0x63,0x28,0x6f,0x66,0x66,0x2c,0x20,
    0x64,0x65,0x72,0x69,0x76,0x61,0x74,0x69,0x76,0x65,0x5f,0x75,0x6e,0x69,0x66,0x6f,
    0x72,0x6d,0x69,0x74,0x79,0x29,0x3b,0x0a,0x0a,0x73,0x74,0x72,0x75,0x63,0x74,0x20,
    0x70,0x6c,0x61,0x6e,0x65,0x74,0x5f,0x76,0x73,0x5f,0x70,0x61,0x72,0x61,0x6d,0x73,
    0x20,0x7b,0x0a,0x20,0x20,0x2f,0x2a,0x20,0x40,0x6f,0x66,0x66,0x73,0x65,0x74,0x28,
    0x30,0x29,0x20,0x2a,0x2f,0x0a,0x20,0x20,0x6d,0x76,0x70,0x20,0x3a,0x20,0x6d,0x61,
    0x74,0x34,0x78,0x34,0x66,0x2c,0x0a,0x20,0x20,0x2f,0x2a,0x20,0x40,0x6f,0x66,0x66,
    0x73,0x65,0x74,0x28,0x36,0x34,0x29,0x20,0x2a,0x2f,0x0a,0x20,0x20,0x63,0x61,0x6d,
    0x65,0x72,0x61,0x5f,0x6f,0x66,0x66,0x73,0x65,0x74,0x20,0x3a,0x20,0x76,0x65,0x63,
    0x34,0x66,0x2c,0x0a,0x20,0x20,0x2f,0x2a,0x20,0x40,0x6f,0x66,0x66,0x73,0x65,0x74,
    0x28,0x38,0x30,0x29,0x20,0x2a,0x2f,0x0a,0x20,0x20,0x63,0x61,0x6d,0x65,0x72,0x61,
    0x5f,0x6f,0x66,0x66,0x73,0x65,0x74,0x5f,0x6c,0x6f,0x77,0x20,0x3a,0x20,0x76,0x65,
    0x63,0x34,0x66,0x2c,0x0a,0x20,0x20,0x2f,0x2a,0x20,0x40,0x6f,0x66,0x66,0x73,0x65,
    0x74,0x28,0x39,0x36,0x29,0x20,0x2a,0x2f,0x0a,0x20,0x20,0x6c,0x6f,0x67,0x5f,0x64,
    0x65,0x70,0x74,0x68,0x20,0x3a,0x20,0x76,0x65,0x63,0x34,0x66,0x2c,0x0a,0x7d,0x0a,
    0x0a,0x76,0x61,0x72,0x3c,0x70,0x72,0x69,0x76,0x61,0x74,0x65,0x3e,0x20,0x61,0x5f,
    0x70,0x6f,0x73,0x69,0x74,0x69,0x6f,0x6e,0x20,0x3a,0x20,0x76,0x65,0x63,0x33,0x66,
    0x3b,0x0a,0x0a,0x40,0x62,0x69,0x6e,0x64,0x69,0x6e,0x67,0x28,0x30,0x29,0x20,0x40,
    0x67,0x72,0x6f,0x75,0x70,0x28,0x30,0x29,0x20,0x76,0x61,0x72,0x3c,0x75,0x6e,0x69,
    0x66,0x6f,0x72,0x6d,0x3e,0x20,0x78,0x5f,0x31,0x37,0x20,0x3a,0x20,0x70,0x6c,0x61,
    0x6e,0x65,0x74,0x5f,0x76,0x73,0x5f,0x70,0x61,0x72,0x61,0x6d,0x73,0x3b,0x0a,0x0a,
    0x76,0x61,0x72,0x3c,0x70,0x72,0x69,0x76,0x61,0x74,0x65,0x3e,0x20,0x66,0x73,0x5f,
    0x6e,0x6f,0x72,0x6d,0x61,0x6c,0x20,0x3a,0x20,0x76,0x65,0x63,0x33,0x66,0x3b,0x0a,
    0x0a,0x76,0x61,0x72,0x3c,0x70,0x72,0x69,0x76,0x61,0x74,0x65,0x3e,0x20,0x61,0x5f,
    0x6e,0x6f,0x72,0x6d,0x61,0x6c,0x20,0x3a,0x20,0x76,0x65,0x63,0x33,0x66,0x3b,0x0a,
    0x0a,0x76,0x61,0x72,0x3c,0x70,0x72,0x69,0x76,0x61,0x74,0x65,0x3e,0x20,0x66,0x73,
    0x5f,0x63,0x6f,0x6c,0x6f,0x72,0x20,0x3a,0x20,0x76,0x65,0x63,0x33,0x66,0x3b,0x0a,
    0x0a,0x76,0x61,0x72,0x3c,0x70,0x72,0x69,0x76,0x61,0x74,0x65,0x3e,0x20,0x61,0x5f,
    0x63,0x6f,0x6c,0x6f,0x72,0x20,0x3a,0x20,0x76,0x65,0x63,0x33,0x66,0x3b,0x0a,0x0a,
    0x76,0x61,0x72,0x3c,0x70,0x72,0x69,0x76,0x61,0x74,0x65,0x3e,0x20,0x66,0x73,0x5f,
    0x63,0x61,0x6d,0x5f,0x72,0x65,0x6c,0x5f,0x70,0x6f,0x73,0x20,0x3a,0x20,0x76,0x65,
    0x63,0x33,0x66,0x3b,0x0a,0x0a,0x76,0x61,0x72,0x3c,0x70,0x72,0x69,0x76,0x61,0x74,
    0x65,0x3e,0x20,0x67,0x6c,0x5f,0x50,0x6f,0x73,0x69,0x74,0x69,0x6f,0x6e,0x20,0x3a,
    0x20,0x76,0x65,0x63,0x34,0x66,0x3b,0x0a,0x0a,0x66,0x6e,0x20,0x6d,0x61,0x69,0x6e,
    0x5f,0x31,0x28,0x29,0x20,0x7b,0x0a,0x20,0x20,0x76,0x61,0x72,0x20,0x63,0x61,0x6d,
    0x5f,0x72,0x65,0x6c,0x5f,0x70,0x6f,0x73,0x20,0x3a,0x20,0x76,0x65,0x63,0x33,0x66,
    0x3b,0x0a,0x20,0x20,0x76,0x61,0x72,0x20,0x46,0x63,0x6f,0x65,0x66,0x20,0x3a,0x20,
    0x66,0x33,0x32,0x3b,0x0a,0x20,0x20,0x76,0x61,0x72,0x20,0x77,0x20,0x3a,0x20,0x66,
    0x33,0x32,0x3b,0x0a,0x20,0x20,0x63,0x61,0x6d,0x5f,0x72,0x65,0x6c,0x5f,0x70,0x6f,
    0x73,0x20,0x3d,0x20,0x28,0x28,0x61,0x5f,0x70,0x6f,0x73,0x69,0x74,0x69,0x6f,0x6e,
    0x20,0x2d,0x20,0x78,0x5f,0x31,0x37,0x2e,0x63,0x61,0x6d,0x65,0x72,0x61,0x5f,0x6f,
    0x66,0x66,0x73,0x65,0x74,0x2e,0x78,0x79,0x7a,0x29,0x20,0x2d,0x20,0x78,0x5f,0x31,
    0x37,0x2e,0x63,0x61,0x6d,0x65,0x72,0x61,0x5f,0x6f,0x66,0x66,0x73,0x65,0x74,0x5f,
    0x6c,0x6f,0x77,0x2e,0x78,0x79,0x7a,0x29,0x3b,0x0a,0x20,0x20,0x67,0x6c,0x5f,0x50,
    0x6f,0x73,0x69,0x74,0x69,0x6f,0x6e,0x20,0x3d,0x20,0x28,0x78,0x5f,0x31,0x37,0x2e,
    0x6d,0x76,0x70,0x20,0x2a,0x20,0x76,0x65,0x63,0x34,0x66,0x28,0x63,0x61,0x6d,0x5f,
    0x72,0x65,0x6c,0x5f,0x70,0x6f,0x73,0x2e,0x78,0x2c,0x20,0x63,0x61,0x6d,0x5f,0x72,
    0x65,0x6c,0x5f,0x70,0x6f,0x73,0x2e,0x79,0x2c,0x20,0x63,0x61,0x6d,0x5f,0x72,0x65,
    0x6c,0x5f,0x70,0x6f,0x73,0x2e,0x7a,0x2c,0x20,0x31,0x2e,0x30,0x66,0x29,0x29,0x3b,
    0x0a,0x20,0x20,0x46,0x63,0x6f,0x65,0x66,0x20,0x3d,0x20,0x78,0x5f,0x31,0x37,0x2e,
    0x6c,0x6f,0x67,0x5f,0x64,0x65,0x70,0x74,0x68,0x2e,0x78,0x3b,0x0a,0x20,0x20,0x69,
    0x66,0x20,0x28,0x28,0x46,0x63,0x6f,0x65,0x66,0x20,0x3e,0x20,0x30,0x2e,0x30,0x66,
    0x29,0x29,0x20,0x7b,0x0a,0x20,0x20,0x20,0x20,0x77,0x20,0x3d,0x20,0x67,0x6c,0x5f,
    0x50,0x6f,0x73,0x69,0x74,0x69,0x6f,0x6e,0x2e,0x77,0x3b,0x0a,0x20,0x20,0x20,0x20,
    0x67,0x6c,0x5f,0x50,0x6f,0x73,0x69,0x74,0x69,0x6f,0x6e,0x2e,0x7a,0x20,0x3d,0x20,
    0x28,0x28,0x28,0x6c,0x6f,0x67,0x32,0x28,0x6d,0x61,0x78,0x28,0x30,0x2e,0x30,0x30,
    0x30,0x30,0x30,0x30,0x39,0x39,0x39,0x39,0x39,0x39,0x39,0x39,0x37,0x34,0x37,0x35,
    0x32,0x34,0x66,0x2c,0x20,0x28,0x31,0x2e,0x30,0x66,0x20,0x2b,0x20,0x77,0x29,0x29,
    0x29,0x20,0x2a,0x20,0x46,0x63,0x6f,0x65,0x66,0x29,0x20,0x2b,0x20,0x78,0x5f,0x31,
    0x37,0x2e,0x6c,0x6f,0x67,0x5f,0x64,0x65,0x70,0x74,0x68,0x2e,0x7a,0x29,0x20,0x2a,
    0x20,0x77,0x29,0x3b,0x0a,0x20,0x20,0x7d,0x0a,0x20,0x20,0x66,0x73,0x5f,0x6e,0x6f,
    0x72,0x6d,0x61,0x6c,0x20,0x3d,0x20,0x61,0x5f,0x6e,0x6f,0x72,0x6d,0x61,0x6c,0x3b,
    0x0a,0x20,0x20,0x66,0x73,0x5f,0x63,0x6f,0x6c,0x6f,0x72,0x20,0x3d,0x20,0x61,0x5f,
    0x63,0x6f,0x6c,0x6f,0x72,0x3b,0x0a,0x20,0x20,0x66,0x73,0x5f,0x63,0x61,0x6d,0x5f,
    0x72,0x65,0x6c,0x5f,0x70,0x6f,0x73,0x20,0x3d,0x20,0x63,0x61,0x6d,0x5f,0x72,0x65,
    0x6c,0x5f,0x70,0x6f,0x73,0x3b,0x0a,0x20,0x20,0x72,0x65,0x74,0x75,0x72,0x6e,0x3b,
    0x0a,0x7d,0x0a,0x0a,0x73,0x74,0x72,0x75,0x63,0x74,0x20,0x6d,0x61,0x69,0x6e,0x5f,
    0x6f,0x75,0x74,0x20,0x7b,0x0a,0x20,0x20,0x40,0x62,0x75,0x69,0x6c,0x74,0x69,0x6e,
    0x28,0x70,0x6f,0x73,0x69,0x74,0x69,0x6f,0x6e,0x29,0x0a,0x20,0x20,0x67,0x6c,0x5f,
    0x50,0x6f,0x73,0x69,0x74,0x69,0x6f,0x6e,0x20,0x3a,0x20,0x76,0x65,0x63,0x34,0x66,
    0x2c,0x0a,0x20,0x20,0x40,0x6c,0x6f,0x63,0x61,0x74,0x69,0x6f,0x6e,0x28,0x30,0x29,
    0x0a,0x20,0x20,0x66,0x73,0x5f,0x6e,0x6f,0x72,0x6d,0x61,0x6c,0x5f,0x31,0x20,0x3a,
    0x20,0x76,0x65,0x63,0x33,0x66,0x2c,0x0a,0x20,0x20,0x40,0x6c,0x6f,0x63,0x61,0x74,
    0x69,0x6f,0x6e,0x28,0x31,0x29,0x0a,0x20,0x20,0x66,0x73,0x5f,0x63,0x6f,0x6c,0x6f,
    0x72,0x5f,0x31,0x20,0x3a,0x20,0x76,0x65,0x63,0x33,0x66,0x2c,0x0a,0x20,0x20,0x40,
    0x6c,0x6f,0x63,0x61,0x74,0x69,0x6f,0x6e,0x28,0x32,0x29,0x0a,0x20,0x20,0x66,0x73,
    0x5f,0x63,0x61,0x6d,0x5f,0x72,0x65,0x6c,0x5f,0x70,0x6f,0x73,0x5f,0x31,0x20,0x3a,
    0x20,0x76,0x65,0x63,0x33,0x66,0x2c,0x0a,0x7d,0x0a,0x0a,0x40,0x76,0x65,0x72,0x74,
    0x65,0x78,0x0a,0x66,0x6e,0x20,0x6d,0x61,0x69,0x6e,0x28,0x40,0x6c,0x6f,0x63,0x61,
    0x74,0x69,0x6f,0x6e,0x28,0x30,0x29,0x20,0x61,0x5f,0x70,0x6f,0x73,0x69,0x74,0x69,
    0x6f,0x6e,0x5f,0x70,0x61,0x72,0x61,0x6d,0x20,0x3a,0x20,0x76,0x65,0x63,0x33,0x66,
    0x2c,0x20,0x40,0x6c,0x6f,0x63,0x61,0x74,0x69,0x6f,0x6e,0x28,0x31,0x29,0x20,0x61,
    0x5f,0x6e,0x6f,0x72,0x6d,0x61,0x6c,0x5f,0x70,0x61,0x72,0x61,0x6d,0x20,0x3a,0x20,
    0x76,0x65,0x63,0x33,0x66,0x2c,0x20,0x40,0x6c,0x6f,0x63,0x61,0x74,0x69,0x6f,0x6e,
    0x28,0x32,0x29,0x20,0x61,0x5f,0x63,0x6f,0x6c,0x6f,0x72,0x5f,0x70,0x61,0x72,0x61,
    0x6d,0x20,0x3a,0x20,0x76,0x65,0x63,0x33,0x66,0x29,0x20,0x2d,0x3e,0x20,0x6d,0x61,
    0x69,0x6e,0x5f,0x6f,0x75,0x74,0x20,0x7b,0x0a,0x20,0x20,0x61,0x5f,0x70,0x6f,0x73,
    0x69,0x74,0x69,0x6f,0x6e,0x20,0x3d,0x20,0x61,0x5f,0x70,0x6f,0x73,0x69,0x74,0x69,
    0x6f,0x6e,0x5f,0x70,0x61,0x72,0x61,0x6d,0x3b,0x0a,0x20,0x20,0x61,0x5f,0x6e,0x6f,
    0x72,0x6d,0x61,0x6c,0x20,0x3d,0x20,0x61,0x5f,0x6e,0x6f,0x72,0x6d,0x61,0x6c,0x5f,
    0x70,0x61,0x72,0x61,0x6d,0x3b,0x0a,0x20,0x20,0x61,0x5f,0x63,0x6f,0x6c,0x6f,0x72,
    0x20,0x3d,0x20,0x61,0x5f,0x63,0x6f,0x6c,0x6f,0x72,0x5f,0x70,0x61,0x72,0x61,0x6d,
    0x3b,0x0a,0x20,0x20,0x6d,0x61,0x69,0x6e,0x5f,0x31,0x28,0x29,0x3b,0x0a,0x20,0x20,
    0x72,0x65,0x74,0x75,0x72,0x6e,0x20,0x6d,0x61,0x69,0x6e,0x5f,0x6f,0x75,0x74,0x28,
    0x67,0x6c,0x5f,0x50,0x6f,0x73,0x69,0x74,0x69,0x6f,0x6e,0x2c,0x20,0x66,0x73,0x5f,
    0x6e,0x6f,0x72,0x6d,0x61,0x6c,0x2c,0x20,0x66,0x73,0x5f,0x63,0x6f,0x6c,0x6f,0x72,
    0x2c,0x20,0x66,0x73,0x5f,0x63,0x61,0x6d,0x5f,0x72,0x65,0x6c,0x5f,0x70,0x6f,0x73,
    0x29,0x3b,0x0a,0x7d,0x0a,0x00,
};
/*
    diagnostic(off, derivative_uniformity);

    struct planet_fs_params {
      /_ @offset(0) _/
      sun_direction : vec4f,
      /_ @offset(16) _/
      camera_pos : vec4f,
      /_ @offset(32) _/
      atmos_params : vec4f,
    }

    var<private> fs_normal : vec3f;

    @binding(1) @group(0) var<uniform> x_18 : planet_fs_params;

    var<private> fs_cam_rel_pos : vec3f;

    var<private> fs_color : vec3f;

    var<private> frag_color : vec4f;

    fn main_1() {
      var N : vec3f;
      var L : vec3f;
      var V : vec3f;
      var surface_dir : vec3f;
      var NdotL : f32;
      var sun_brightness : f32;
      var normal_ao : f32;
      var ao : f32;
      var diffuse : f32;
      var ambient : vec3f;
      var lit : vec3f;
      var rim : f32;
      var luminance : f32;
      var desat_factor : f32;
      var color : vec3f;
      var dist : f32;
      var planet_r : f32;
      var atmos_r : f32;
      var altitude : f32;
      var atmos_height : f32;
      var fog_density : f32;
      var fog_amount : f32;
      var fog_color : vec3f;
      N = normalize(fs_normal);
      L = normalize(x_18.sun_direction.xyz);
      V = normalize(-(fs_cam_rel_pos));
      surface_dir = normalize((x_18.camera_pos.xyz + fs_cam_rel_pos));
      NdotL = dot(N, L);
      sun_brightness = smoothstep(-0.10000000149011611938f, 0.30000001192092895508f, NdotL);
      normal_ao = smoothstep(-0.10000000149011611938f, 0.5f, dot(N, surface_dir));
      ao = mix(0.44999998807907104492f, 1.0f, normal_ao);
      diffuse = max(0.0f, NdotL);
      ambient = ((fs_color * 0.07999999821186065674f) * ao);
      lit = (((fs_color * diffuse) * sun_brightness) * ao);
      rim = (pow((1.0f - max(0.0f, dot(V, N))), 3.0f) * 0.11999999731779098511f);
      lit = (lit + (vec3f(rim) * sun_brightness));
      luminance = dot((lit + ambient), vec3f(0.29899999499320983887f, 0.58700001239776611328f, 0.11400000005960464478f));
      desat_factor = (1.0f - (sun_brightness * 0.30000001192092895508f));
      color = mix(vec3f(luminance), (lit + ambient), vec3f(desat_factor));
      dist = length(fs_cam_rel_pos);
      planet_r = x_18.atmos_params.x;
      atmos_r = x_18.atmos_params.y;
      altitude = (length(x_18.camera_pos.xyz) - planet_r);
      atmos_height = (atmos_r - planet_r);
      if ((altitude < atmos_height)) {
        fog_density = exp((-(altitude) / (atmos_height * 0.15000000596046447754f)));
        fog_amount = (1.0f - exp(((-(dist) * fog_density) * 0.0000199999994947575f)));
        fog_amount = clamp(fog_amount, 0.0f, 0.85000002384185791016f);
        fog_color = ((vec3f(0.40000000596046447754f, 0.60000002384185791016f, 1.0f) * sun_brightness) * 0.5f);
        color = mix(color, fog_color, vec3f(fog_amount));
      }
      frag_color = vec4f(color.x, color.y, color.z, 1.0f);
      return;
    }

    struct main_out {
      @location(0)
      frag_color_1 : vec4f,
    }

    @fragment
    fn main(@location(0) fs_normal_param : vec3f, @location(2) fs_cam_rel_pos_param : vec3f, @location(1) fs_color_param : vec3f) -> main_out {
      fs_normal = fs_normal_param;
      fs_cam_rel_pos = fs_cam_rel_pos_param;
      fs_color = fs_color_param;
      main_1();
      return main_out(frag_color);
    }
*/
static const uint8_t planet_fs_source_wgsl[2901] = {
    0x64,0x69,0x61,0x67,0x6e,0x6f,0x73,0x74,0x69,0x63,0x28,0x6f,0x66,0x66,0x2c,0x20,
    0x64,0x65,0x72,0x69,0x76,0x61,0x74,0x69,0x76,0x65,0x5f,0x75,0x6e,0x69,0x66,0x6f,
    0x72,0x6d,0x69,0x74,0x79,0x29,0x3b,0x0a,0x0a,0x73,0x74,0x72,0x75,0x63,0x74,0x20,
    0x70,0x6c,0x61,0x6e,0x65,0x74,0x5f,0x66,0x73,0x5f,0x70,0x61,0x72,0x61,0x6d,0x73,
    0x20,0x7b,0x0a,0x20,0x20,0x2f,0x2a,0x20,0x40,0x6f,0x66,0x66,0x73,0x65,0x74,0x28,
    0x30,0x29,0x20,0x2a,0x2f,0x0a,0x20,0x20,0x73,0x75,0x6e,0x5f,0x64,0x69,0x72,0x65,
    0x63,0x74,0x69,0x6f,0x6e,0x20,0x3a,0x20,0x76,0x65,0x63,0x34,0x66,0x2c,0x0a,0x20,
    0x20,0x2f,0x2a,0x20,0x40,0x6f,0x66,0x66,0x73,0x65,0x74,0x28,0x31,0x36,0x29,0x20,
    0x2a,0x2f,0x0a,0x20,0x20,0x63,0x61,0x6d,0x65,0x72,0x61,0x5f,0x70,0x6f,0x73,0x20,
    0x3a,0x20,0x76,0x65,0x63,0x34,0x66,0x2c,0x0a,0x20,0x20,0x2f,0x2a,0x20,0x40,0x6f,
    0x66,0x66,0x73,0x65,0x74,0x28,0x33,0x32,0x29,0x20,0x2a,0x2f,0x0a,0x20,0x20,0x61,
    0x74,0x6d,0x6f,0x73,0x5f,0x70,0x61,0x72,0x61,0x6d,0x73,0x20,0x3a,0x20,0x76,0x65,
    0x63,0x34,0x66,0x2c,0x0a,0x7d,0x0a,0x0a,0x76,0x61,0x72,0x3c,0x70,0x72,0x69,0x76,
    0x61,0x74,0x65,0x3e,0x20,0x66,0x73,0x5f,0x6e,0x6f,0x72,0x6d,0x61,0x6c,0x20,0x3a,
    0x20,0x76,0x65,0x63,0x33,0x66,0x3b,0x0a,0x0a,0x40,0x62,0x69,0x6e,0x64,0x69,0x6e,
    0x67,0x28,0x31,0x29,0x20,0x40,0x67,0x72,0x6f,0x75,0x70,0x28,0x30,0x29,0x20,0x76,
    0x61,0x72,0x3c,0x75,0x6e,0x69,0x66,0x6f,0x72,0x6d,0x3e,0x20,0x78,0x5f,0x31,0x38,
    0x20,0x3a,0x20,0x70,0x6c,0x61,0x6e,0x65,0x74,0x5f,0x66,0x73,0x5f,0x70,0x61,0x72,
    0x61,0x6d,0x73,0x3b,0x0a,0x0a,0x76,0x61,0x72,0x3c,0x70,0x72,0x69,0x76,0x61,0x74,
    0x65,0x3e,0x20,0x66,0x73,0x5f,0x63,0x61,0x6d,0x5f,0x72,0x65,0x6c,0x5f,0x70,0x6f,
    0x73,0x20,0x3a,0x20,0x76,0x65,0x63,0x33,0x66,0x3b,0x0a,0x0a,0x76,0x61,0x72,0x3c,
    0x70,0x72,0x69,0x76,0x61,0x74,0x65,0x3e,0x20,0x66,0x73,0x5f,0x63,0x6f,0x6c,0x6f,
    0x72,0x20,0x3a,0x20,0x76,0x65,0x63,0x33,0x66,0x3b,0x0a,0x0a,0x76,0x61,0x72,0x3c,
    0x70,0x72,0x69,0x76,0x61,0x74,0x65,0x3e,0x20,0x66,0x72,0x61,0x67,0x5f,0x63,0x6f,
    0x6c,0x6f,0x72,0x20,0x3a,0x20,0x76,0x65,0x63,0x34,0x66,0x3b,0x0a,0x0a,0x66,0x6e,
    0x20,0x6d,0x61,0x69,0x6e,0x5f,0x31,0x28,0x29,0x20,0x7b,0x0a,0x20,0x20,0x76,0x61,
    0x72,0x20,0x4e,0x20,0x3a,0x20,0x76,0x65,0x63,0x33,0x66,0x3b,0x0a,0x20,0x20,0x76,
    0x61,0x72,0x20,0x4c,0x20,0x3a,0x20,0x76,0x65,0x63,0x33,0x66,0x3b,0x0a,0x20,0x20,
    0x76,0x61,0x72,0x20,0x56,0x20,0x3a,0x20,0x76,0x65,0x63,0x33,0x66,0x3b,0x0a,0x20,
    0x20,0x76,0x61,0x72,0x20,0x73,0x75,0x72,0x66,0x61,0x63,0x65,0x5f,0x64,0x69,0x72,
    0x20,0x3a,0x20,0x76,0x65,0x63,0x33,0x66,0x3b,0x0a,0x20,0x20,0x76,0x61,0x72,0x20,
    0x4e,0x64,0x6f,0x74,0x4c,0x20,0x3a,0x20,0x66,0x33,0x32,0x3b,0x0a,0x20,0x20,0x76,
    0x61,0x72,0x20,0x73,0x75,0x6e,0x5f,0x62,0x72,0x69,0x67,0x68,0x74,0x6e,0x65,0x73,
    0x73,0x20,0x3a,0x20,0x66,0x33,0x32,0x3b,0x0a,0x20,0x20,0x76,0x61,0x72,0x20,0x6e,
    0x6f,0x72,0x6d,0x61,0x6c,0x5f,0x61,0x6f,0x20,0x3a,0x20,0x66,0x33,0x32,0x3b,0x0a,
    0x20,0x20,0x76,0x61,0x72,0x20,0x61,0x6f,0x20,0x3a,0x20,0x66,0x33,0x32,0x3b,0x0a,
    0x20,0x20,0x76,0x61,0x72,0x20,0x64,0x69,0x66,0x66,0x75,0x73,0x65,0x20,0x3a,0x20,
    0x66,0x33,0x32,0x3b,0x0a,0x20,0x20,0x76,0x61,0x72,0x20,0x61,0x6d,0x62,0x69,0x65,
    0x6e,0x74,0x20,0x3a,0x20,0x76,0x65,0x63,0x33,0x66,0x3b,0x0a,0x20,0x20,0x76,0x61,
    0x72,0x20,0x6c,0x69,0x74,0x20,0x3a,0x20,0x76,0x65,0x63,0x33,0x66,0x3b,0x0a,0x20,
    0x20,0x76,0x61,0x72,0x20,0x72,0x69,0x6d,0x20,0x3a,0x20,0x66,0x33,0x32,0x3b,0x0a,
    0x20,0x20,0x76,0x61,0x72,0x20,0x6c,0x75,0x6d,0x69,0x6e,0x61,0x6e,0x63,0x65,0x20,
    0x3a,0x20,0x66,0x33,0x32,0x3b,0x0a,0x20,0x20,0x76,0x61,0x72,0x20,0x64,0x65,0x73,
    0x61,0x74,0x5f,0x66,0x61,0x63,0x74,0x6f,0x72,0x20,0x3a,0x20,0x66,0x33,0x32,0x3b,
    0x0a,0x20,0x20,0x76,0x61,0x72,0x20,0x63,0x6f,0x6c,0x6f,0x72,0x20,0x3a,0x20,0x76,
    0x65,0x63,0x33,0x66,0x3b,0x0a,0x20,0x20,0x76,0x61,0x72,0x20,0x64,0x69,0x73,0x74,
    0x20,0x3a,0x20,0x66,0x33,0x32,0x3b,0x0a,0x20,0x20,0x76,0x61,0x72,0x20,0x70,0x6c,
    0x61,0x6e,0x65,0x74,0x5f,0x72,0x20,0x3a,0x20,0x66,0x33,0x32,0x3b,0x0a,0x20,0x20,
    0x76,0x61,0x72,0x20,0x61,0x74,0x6d,0x6f,0x73,0x5f,0x72,0x20,0x3a,0x20,0x66,0x33,
    0x32,0x3b,0x0a,0x20,0x20,0x76,0x61,0x72,0x20,0x61,0x6c,0x74,0x69,0x74,0x75,0x64,
    0x65,0x20,0x3a,0x20,0x66,0x33,0x32,0x3b,0x0a,0x20,0x20,0x76,0x61,0x72,0x20,0x61,
    0x74,0x6d,0x6f,0x73,0x5f,0x68,0x65,0x69,0x67,0x68,0x74,0x20,0x3a,0x20,0x66,0x33,
    0x32,0x3b,0x0a,0x20,0x20,0x76,0x61,0x72,0x20,0x66,0x6f,0x67,0x5f,0x64,0x65,0x6e,
    0x73,0x69,0x74,0x79,0x20,0x3a,0x20,0x66,0x33,0x32,0x3b,0x0a,0x20,0x20,0x76,0x61,
    0x72,0x20,0x66,0x6f,0x67,0x5f,0x61,0x6d,0x6f,0x75,0x6e,0x74,0x20,0x3a,0x20,0x66,
    0x33,0x32,0x3b,0x0a,0x20,0x20,0x76,0x61,0x72,0x20,0x66,0x6f,0x67,0x5f,0x63,0x6f,
    0x6c,0x6f,0x72,0x20,0x3a,0x20,0x76,0x65,0x63,0x33,0x66,0x3b,0x0a,0x20,0x20,0x4e,
    0x20,0x3d,0x20,0x6e,0x6f,0x72,0x6d,0x61,0x6c,0x69,0x7a,0x65,0x28,0x66,0x73,0x5f,
    0x6e,0x6f,0x72,0x6d,0x61,0x6c,0x29,0x3b,0x0a,0x20,0x20,0x4c,0x20,0x3d,0x20,0x6e,
    0x6f,0x72,0x6d,0x61,0x6c,0x69,0x7a,0x65,0x28,0x78,0x5f,0x31,0x38,0x2e,0x73,0x75,
    0x6e,0x5f,0x64,0x69,0x72,0x65,0x63,0x74,0x69,0x6f,0x6e,0x2e,0x78,0x79,0x7a,0x29,
    0x3b,0x0a,0x20,0x20,0x56,0x20,0x3d,0x20,0x6e,0x6f,0x72,0x6d,0x61,0x6c,0x69,0x7a,
    0x65,0x28,0x2d,0x28,0x66,0x73,0x5f,0x63,0x61,0x6d,0x5f,0x72,0x65,0x6c,0x5f,0x70,
    0x6f,0x73,0x29,0x29,0x3b,0x0a,0x20,0x20,0x73,0x75,0x72,0x66,0x61,0x63,0x65,0x5f,
    0x64,0x69,0x72,0x20,0x3d,0x20,0x6e,0x6f,0x72,0x6d,0x61,0x6c,0x69,0x7a,0x65,0x28,
    0x28,0x78,0x5f,0x31,0x38,0x2e,0x63,0x61,0x6d,0x65,0x72,0x61,0x5f,0x70,0x6f,0x73,
    0x2e,0x78,0x79,0x7a,0x20,0x2b,0x20,0x66,0x73,0x5f,0x63,0x61,0x6d,0x5f,0x72,0x65,
    0x6c,0x5f,0x70,0x6f,0x73,0x29,0x29,0x3b,0x0a,0x20,0x20,0x4e,0x64,0x6f,0x74,0x4c,
    0x20,0x3d,0x20,0x64,0x6f,0x74,0x28,0x4e,0x2c,0x20,0x4c,0x29,0x3b,0x0a,0x20,0x20,
    0x73,0x75,0x6e,0x5f,0x62,0x72,0x69,0x67,0x68,0x74,0x6e,0x65,0x73,0x73,0x20,0x3d,
    0x20,0x73,0x6d,0x6f,0x6f,0x74,0x68,0x73,0x74,0x65,0x70,0x28,0x2d,0x30,0x2e,0x31,
    0x30,0x30,0x30,0x30,0x30,0x30,0x30,0x31,0x34,0x39,0x30,0x31,0x31,0x36,0x31,0x31,
    0x39,0x33,0x38,0x66,0x2c,0x20,0x30,0x2e,0x33,0x30,0x30,0x30,0x30,0x30,0x30,0x31,
    0x31,0x39,0x32,0x30,0x39,0x32,0x38,0x39,0x35,0x35,0x30,0x38,0x66,0x2c,0x20,0x4e,
    0x64,0x6f,0x74,0x4c,0x29,0x3b,0x0a,0x20,0x20,0x6e,0x6f,0x72,0x6d,0x61,0x6c,0x5f,
    0x61,0x6f,0x20,0x3d,0x20,0x73,0x6d,0x6f,0x6f,0x74,0x68,0x73,0x74,0x65,0x70,0x28,
    0x2d,0x30,0x2e,0x31,0x30,0x30,0x30,0x30,0x30,0x30,0x30,0x31,0x34,0x39,0x30,0x31,
    0x31,0x36,0x31,0x31,0x39,0x33,0x38,0x66,0x2c,0x20,0x30,0x2e,0x35,0x66,0x2c,0x20,
    0x64,0x6f,0x74,0x28,0x4e,0x2c,0x20,0x73,0x75,0x72,0x66,0x61,0x63,0x65,0x5f,0x64,
    0x69,0x72,0x29,0x29,0x3b,0x0a,0x20,0x20,0x61,0x6f,0x20,0x3d,0x20,0x6d,0x69,0x78,
    0x28,0x30,0x2e,0x34,0x34,0x39,0x39,0x39,0x39,0x39,0x38,0x38,0x30,0x37,0x39,0x30,
    0x37,0x31,0x30,0x34,0x34,0x39,0x32,0x66,0x2c,0x20,0x31,0x2e,0x30,0x66,0x2c,0x20,
    0x6e,0x6f,0x72,0x6d,0x61,0x6c,0x5f,0x61,0x6f,0x29,0x3b,0x0a,0x20,0x20,0x64,0x69,
    0x66,0x66,0x75,0x73,0x65,0x20,0x3d,0x20,0x6d,0x61,0x78,0x28,0x30,0x2e,0x30,0x66,
    0x2c,0x20,0x4e,0x64,0x6f,0x74,0x4c,0x29,0x3b,0x0a,0x20,0x20,0x61,0x6d,0x62,0x69,
    0x65,0x6e,0x74,0x20,0x3d,0x20,0x28,0x28,0x66,0x73,0x5f,0x63,0x6f,0x6c,0x6f,0x72,
    0x20,0x2a,0x20,0x30,0x2e,0x30,0x37,0x39,0x39,0x39,0x39,0x39,0x39,0x38,0x32,0x31,
    0x31,0x38,0x36,0x30,0x36,0x35,0x36,0x37,0x34,0x66,0x29,0x20,0x2a,0x20,0x61,0x6f,
    0x29,0x3b,0x0a,0x20,0x20,0x6c,0x69,0x74,0x20,0x3d,0x20,0x28,0x28,0x28,0x66,0x73,
    0x5f,0x63,0x6f,0x6c,0x6f,0x72,0x20,0x2a,0x20,0x64,0x69,0x66,0x66,0x75,0x73,0x65,
    0x29,0x20,0x2a,0x20,0x73,0x75,0x6e,0x5f,0x62,0x72,0x69,0x67,0x68,0x74,0x6e,0x65,
    0x73,0x73,0x29,0x20,0x2a,0x20,0x61,0x6f,0x29,0x3b,0x0a,0x20,0x20,0x72,0x69,0x6d,
    0x20,0x3d,0x20,0x28,0x70,0x6f,0x77,0x28,0x28,0x31,0x2e,0x30,0x66,0x20,0x2d,0x20,
    0x6d,0x61,0x78,0x28,0x30,0x2e,0x30,0x66,0x2c,0x20,0x64,0x6f,0x74,0x28,0x56,0x2c,
    0x20,0x4e,0x29,0x29,0x29,0x2c,0x20,0x33,0x2e,0x30,0x66,0x29,0x20,0x2a,0x20,0x30,
    0x2e,0x31,0x31,0x39,0x39,0x39,0x39,0x39,0x39,0x37,0x33,0x31,0x37,0x37,0x39,0x30,
    0x39,0x38,0x35,0x31,0x31,0x66,0x29,0x3b,0x0a,0x20,0x20,0x6c,0x69,0x74,0x20,0x3d,
    0x20,0x28,0x6c,0x69,0x74,0x20,0x2b,0x20,0x28,0x76,0x65,0x63,0x33,0x66,0x28,0x72,
    0x69,0x6d,0x29,0x20,0x2a,0x20,0x73,0x75,0x6e,0x5f,0x62,0x72,0x69,0x67,0x68,0x74,
    0x6e,0x65,0x73,0x73,0x29,0x29,0x3b,0x0a,0x20,0x20,0x6c,0x75,0x6d,0x69,0x6e,0x61,
    0x6e,0x63,0x65,0x20,0x3d,0x20,0x64,0x6f,0x74,0x28,0x28,0x6c,0x69,0x74,0x20,0x2b,
    0x20,0x61,0x6d,0x62,0x69,0x65,0x6e,0x74,0x29,0x2c,0x20,0x76,0x65,0x63,0x33,0x66,
    0x28,0x30,0x2e,0x32,0x39,0x38,0x39,0x39,0x39,0x39,0x39,0x34,0x39,0x39,0x33,0x32,
    0x30,0x39,0x38,0x33,0x38,0x38,0x37,0x66,0x2c,0x20,0x30,0x2e,0x35,0x38,0x37,0x30,
    0x30,0x30,0x30,0x31,0x32,0x33,0x39,0x37,0x37,0x36,0x36,0x31,0x31,0x33,0x32,0x38,
    0x66,0x2c,0x20,0x30,0x2e,0x31,0x31,0x34,0x30,0x30,0x30,0x30,0x30,0x30,0x30,0x35,
    0x39,0x36,0x30,0x34,0x36,0x34,0x34,0x37,0x38,0x66,0x29,0x29,0x3b,0x0a,0x20,0x20,
    0x64,0x65,0x73,0x61,0x74,0x5f,0x66,0x61,0x63,0x74,0x6f,0x72,0x20,0x3d,0x20,0x28,
    0x31,0x2e,0x30,0x66,0x20,0x2d,0x20,0x28,0x73,0x75,0x6e,0x5f,0x62,0x72,0x69,0x67,
    0x68,0x74,0x6e,0x65,0x73,0x73,0x20,0x2a,0x20,0x30,0x2e,0x33,0x30,0x30,0x30,0x30,
    0x30,0x30,0x31,0x31,0x39,0x32,0x30,0x39,0x32,0x38,0x39,0x35,0x35,0x30,0x38,0x66,
    0x29,0x29,0x3b,0x0a,0x20,0x20,0x63,0x6f,0x6c,0x6f,0x72,0x20,0x3d,0x20,0x6d,0x69,
    0x78,0x28,0x76,0x65,0x63,0x33,0x66,0x28,0x6c,0x75,0x6d,0x69,0x6e,0x61,0x6e,0x63,
    0x65,0x29,0x2c,0x20,0x28,0x6c,0x69,0x74,0x20,0x2b,0x20,0x61,0x6d,0x62,0x69,0x65,
    0x6e,0x74,0x29,0x2c,0x20,0x76,0x65,0x63,0x33,0x66,0x28,0x64,0x65,0x73,0x61,0x74,
    0x5f,0x66,0x61,0x63,0x74,0x6f,0x72,0x29,0x29,0x3b,0x0a,0x20,0x20,0x64,0x69,0x73,
    0x74,0x20,0x3d,0x20,0x6c,0x65,0x6e,0x67,0x74,0x68,0x28,0x66,0x73,0x5f,0x63,0x61,
    0x6d,0x5f,0x72,0x65,0x6c,0x5f,0x70,0x6f,0x73,0x29,0x3b,0x0a,0x20,0x20,0x70,0x6c,
    0x61,0x6e,0x65,0x74,0x5f,0x72,0x20,0x3d,0x20,0x78,0x5f,0x31,0x38,0x2e,0x61,0x74,
    0x6d,0x6f,0x73,0x5f,0x70,0x61,0x72,0x61,0x6d,0x73,0x2e,0x78,0x3b,0x0a,0x20,0x20,
    0x61,0x74,0x6d,0x6f,0x73,0x5f,0x72,0x20,0x3d,0x20,0x78,0x5f,0x31,0x38,0x2e,0x61,
    0x74,0x6d,0x6f,0x73,0x5f,0x70,0x61,0x72,0x61,0x6d,0x73,0x2e,0x79,0x3b,0x0a,0x20,
    0x20,0x61,0x6c,0x74,0x69,0x74,0x75,0x64,0x65,0x20,0x3d,0x20,0x28,0x6c,0x65,0x6e,
    0x67,0x74,0x68,0x28,0x78,0x5f,0x31,0x38,0x2e,0x63,0x61,0x6d,0x65,0x72,0x61,0x5f,
    0x70,0x6f,0x73,0x2e,0x78,0x79,0x7a,0x29,0x20,0x2d,0x20,0x70,0x6c,0x61,0x6e,0x65,
    0x74,0x5f,0x72,0x29,0x3b,0x0a,0x20,0x20,0x61,0x74,0x6d,0x6f,0x73,0x5f,0x68,0x65,
    0x69,0x67,0x68,0x74,0x20,0x3d,0x20,0x28,0x61,0x74,0x6d,0x6f,0x73,0x5f,0x72,0x20,
    0x2d,0x20,0x70,0x6c,0x61,0x6e,0x65,0x74,0x5f,0x72,0x29,0x3b,0x0a,0x20,0x20,0x69,
    0x66,0x20,0x28,0x28,0x61,0x6c,0x74,0x69,0x74,0x75,0x64,0x65,0x20,0x3c,0x20,0x61,
    0x74,0x6d,0x6f,0x73,0x5f,0x68,0x65,0x69,0x67,0x68,0x74,0x29,0x29,0x20,0x7b,0x0a,
    0x20,0x20,0x20,0x20,0x66,0x6f,0x67,0x5f,0x64,0x65,0x6e,0x73,0x69,0x74,0x79,0x20,
    0x3d,0x20,0x65,0x78,0x70,0x28,0x28,0x2d,0x28,0x61,0x6c,0x74,0x69,0x74,0x75,0x64,
    0x65,0x29,0x20,0x2f,0x20,0x28,0x61,0x74,0x6d,0x6f,0x73,0x5f,0x68,0x65,0x69,0x67,
    0x68,0x74,0x20,0x2a,0x20,0x30,0x2e,0x31,0x35,0x30,0x30,0x30,0x30,0x30,0x30,0x35,
    0x39,0x36,0x30,0x34,0x36,0x34,0x34,0x37,0x37,0x35,0x34,0x66,0x29,0x29,0x29,0x3b,
    0x0a,0x20,0x20,0x20,0x20,0x66,0x6f,0x67,0x5f,0x61,0x6d,0x6f,0x75,0x6e,0x74,0x20,
    0x3d,0x20,0x28,0x31,0x2e,0x30,0x66,0x20,0x2d,0x20,0x65,0x78,0x70,0x28,0x28,0x28,
    0x2d,0x28,0x64,0x69,0x73,0x74,0x29,0x20,0x2a,0x20,0x66,0x6f,0x67,0x5f,0x64,0x65,
    0x6e,0x73,0x69,0x74,0x79,0x29,0x20,0x2a,0x20,0x30,0x2e,0x30,0x30,0x30,0x30,0x31,
    0x39,0x39,0x39,0x39,0x39,0x39,0x39,0x34,0x39,0x34,0x37,0x35,0x37,0x35,0x66,0x29,
    0x29,0x29,0x3b,0x0a,0x20,0x20,0x20,0x20,0x66,0x6f,0x67,0x5f,0x61,0x6d,0x6f,0x75,
    0x6e,0x74,0x20,0x3d,0x20,0x63,0x6c,0x61,0x6d,0x70,0x28,0x66,0x6f,0x67,0x5f,0x61,
    0x6d,0x6f,0x75,0x6e,0x74,0x2c,0x20,0x30,0x2e,0x30,0x66,0x2c,0x20,0x30,0x2e,0x38,
    0x35,0x30,0x30,0x30,0x30,0x30,0x32,0x33,0x38,0x34,0x31,0x38,0x35,0x37,0x39,0x31,
    0x30,0x31,0x36,0x66,0x29,0x3b,0x0a,0x20,0x20,0x20,0x20,0x66,0x6f,0x67,0x5f,0x63,
    0x6f,0x6c,0x6f,0x72,0x20,0x3d,0x20,0x28,0x28,0x76,0x65,0x63,0x33,0x66,0x28,0x30,
    0x2e,0x34,0x30,0x30,0x30,0x30,0x30,0x30,0x30,0x35,0x39,0x36,0x30,0x34,0x36,0x34,
    0x34,0x37,0x37,0x35,0x34,0x66,0x2c,0x20,0x30,0x2e,0x36,0x30,0x30,0x30,0x30,0x30,
    0x30,0x32,0x33,0x38,0x34,0x31,0x38,0x35,0x37,0x39,0x31,0x30,0x31,0x36,0x66,0x2c,
    0x20,0x31,0x2e,0x30,0x66,0x29,0x20,0x2a,0x20,0x73,0x75,0x6e,0x5f,0x62,0x72,0x69,
    0x67,0x68,0x74,0x6e,0x65,0x73,0x73,0x29,0x20,0x2a,0x20,0x30,0x2e,0x35,0x66,0x29,
    0x3b,0x0a,0x20,0x20,0x20,0x20,0x63,0x6f,0x6c,0x6f,0x72,0x20,0x3d,0x20,0x6d,0x69,
    0x78,0x28,0x63,0x6f,0x6c,0x6f,0x72,0x2c,0x20,0x66,0x6f,0x67,0x5f,0x63,0x6f,0x6c,
    0x6f,0x72,0x2c,0x20,0x76,0x65,0x63,0x33,0x66,0x28,0x66,0x6f,0x67,0x5f,0x61,0x6d,
    0x6f,0x75,0x6e,0x74,0x29,0x29,0x3b,0x0a,0x20,0x20,0x7d,0x0a,0x20,0x20,0x66,0x72,
    0x61,0x67,0x5f,0x63,0x6f,0x6c,0x6f,0x72,0x20,0x3d,0x20,0x76,0x65,0x63,0x34,0x66,
    0x28,0x63,0x6f,0x6c,0x6f,0x72,0x2e,0x78,0x2c,0x20,0x63,0x6f,0x6c,0x6f,0x72,0x2e,
    0x79,0x2c,0x20,0x63,0x6f,0x6c,0x6f,0x72,0x2e,0x7a,0x2c,0x20,0x31,0x2e,0x30,0x66,
    0x29,0x3b,0x0a,0x20,0x20,0x72,0x65,0x74,0x75,0x72,0x6e,0x3b,0x0a,0x7d,0x0a,0x0a,
    0x73,0x74,0x72,0x75,0x63,0x74,0x20,0x6d,0x61,0x69,0x6e,0x5f,0x6f,0x75,0x74,0x20,
    0x7b,0x0a,0x20,0x20,0x40,0x6c,0x6f,0x63,0x61,0x74,0x69,0x6f,0x6e,0x28,0x30,0x29,
    0x0a,0x20,0x20,0x66,0x72,0x61,0x67,0x5f,0x63,0x6f,0x6c,0x6f,0x72,0x5f,0x31,0x20,
    0x3a,0x20,0x76,0x65,0x63,0x34,0x66,0x2c,0x0a,0x7d,0x0a,0x0a,0x40,0x66,0x72,0x61,
    0x67,0x6d,0x65,0x6e,0x74,0x0a,0x66,0x6e,0x20,0x6d,0x61,0x69,0x6e,0x28,0x40,0x6c,
    0x6f,0x63,0x61,0x74,0x69,0x6f,0x6e,0x28,0x30,0x29,0x20,0x66,0x73,0x5f,0x6e,0x6f,
    0x72,0x6d,0x61,0x6c,0x5f,0x70,0x61,0x72,0x61,0x6d,0x20,0x3a,0x20,0x76,0x65,0x63,
    0x33,0x66,0x2c,0x20,0x40,0x6c,0x6f,0x63,0x61,0x74,0x69,0x6f,0x6e,0x28,0x32,0x29,
    0x20,0x66,0x73,0x5f,0x63,0x61,0x6d,0x5f,0x72,0x65,0x6c,0x5f,0x70,0x6f,0x73,0x5f,
    0x70,0x61,0x72,0x61,0x6d,0x20,0x3a,0x20,0x76,0x65,0x63,0x33,0x66,0x2c,0x20,0x40,
    0x6c,0x6f,0x63,0x61,0x74,0x69,0x6f,0x6e,0x28,0x31,0x29,0x20,0x66,0x73,0x5f,0x63,
    0x6f,0x6c,0x6f,0x72,0x5f,0x70,0x61,0x72,0x61,0x6d,0x20,0x3a,0x20,0x76,0x65,0x63,
    0x33,0x66,0x29,0x20,0x2d,0x3e,0x20,0x6d,0x61,0x69,0x6e,0x5f,0x6f,0x75,0x74,0x20,
    0x7b,0x0a,0x20,0x20,0x66,0x73,0x5f,0x6e,0x6f,0x72,0x6d,0x61,0x6c,0x20,0x3d,0x20,
    0x66,0x73,0x5f,0x6e,0x6f,0x72,0x6d,0x61,0x6c,0x5f,0x70,0x61,0x72,0x61,0x6d,0x3b,
    0x0a,0x20,0x20,0x66,0x73,0x5f,0x63,0x61,0x6d,0x5f,0x72,0x65,0x6c,0x5f,0x70,0x6f,
    0x73,0x20,0x3d,0x20,0x66,0x73,0x5f,0x63,0x61,0x6d,0x5f,0x72,0x65,0x6c,0x5f,0x70,
    0x6f,0x73,0x5f,0x70,0x61,0x72,0x61,0x6d,0x3b,0x0a,0x20,0x20,0x66,0x73,0x5f,0x63,
    0x6f,0x6c,0x6f,0x72,0x20,0x3d,0x20,0x66,0x73,0x5f,0x63,0x6f,0x6c,0x6f,0x72,0x5f,
    0x70,0x61,0x72,0x61,0x6d,0x3b,0x0a,0x20,0x20,0x6d,0x61,0x69,0x6e,0x5f,0x31,0x28,
    0x29,0x3b,0x0a,0x20,0x20,0x72,0x65,0x74,0x75,0x72,0x6e,0x20,0x6d,0x61,0x69,0x6e,
    0x5f,0x6f,0x75,0x74,0x28,0x66,0x72,0x61,0x67,0x5f,0x63,0x6f,0x6c,0x6f,0x72,0x29,
    0x3b,0x0a,0x7d,0x0a,0x00,
};
static inline const sg_shader_desc* planet_shader_desc(sg_backend backend) {
    if (backend == SG_BACKEND_GLCORE) {
        static sg_shader_desc desc;
        static bool valid;
        if (!valid) {
            valid = true;
            desc.vertex_func.source = (const char*)planet_vs_source_glsl430;
            desc.vertex_func.entry = "main";
            desc.fragment_func.source = (const char*)planet_fs_source_glsl430;
            desc.fragment_func.entry = "main";
            desc.attrs[0].base_type = SG_SHADERATTRBASETYPE_FLOAT;
            desc.attrs[0].glsl_name = "a_position";
            desc.attrs[1].base_type = SG_SHADERATTRBASETYPE_FLOAT;
            desc.attrs[1].glsl_name = "a_normal";
            desc.attrs[2].base_type = SG_SHADERATTRBASETYPE_FLOAT;
            desc.attrs[2].glsl_name = "a_color";
            desc.uniform_blocks[0].stage = SG_SHADERSTAGE_VERTEX;
            desc.uniform_blocks[0].layout = SG_UNIFORMLAYOUT_STD140;
            desc.uniform_blocks[0].size = 112;
            desc.uniform_blocks[0].glsl_uniforms[0].type = SG_UNIFORMTYPE_FLOAT4;
            desc.uniform_blocks[0].glsl_uniforms[0].array_count = 7;
            desc.uniform_blocks[0].glsl_uniforms[0].glsl_name = "planet_vs_params";
            desc.uniform_blocks[1].stage = SG_SHADERSTAGE_FRAGMENT;
            desc.uniform_blocks[1].layout = SG_UNIFORMLAYOUT_STD140;
            desc.uniform_blocks[1].size = 48;
            desc.uniform_blocks[1].glsl_uniforms[0].type = SG_UNIFORMTYPE_FLOAT4;
            desc.uniform_blocks[1].glsl_uniforms[0].array_count = 3;
            desc.uniform_blocks[1].glsl_uniforms[0].glsl_name = "planet_fs_params";
            desc.label = "planet_shader";
        }
        return &desc;
    }
    if (backend == SG_BACKEND_GLES3) {
        static sg_shader_desc desc;
        static bool valid;
        if (!valid) {
            valid = true;
            desc.vertex_func.source = (const char*)planet_vs_source_glsl300es;
            desc.vertex_func.entry = "main";
            desc.fragment_func.source = (const char*)planet_fs_source_glsl300es;
            desc.fragment_func.entry = "main";
            desc.attrs[0].base_type = SG_SHADERATTRBASETYPE_FLOAT;
            desc.attrs[0].glsl_name = "a_position";
            desc.attrs[1].base_type = SG_SHADERATTRBASETYPE_FLOAT;
            desc.attrs[1].glsl_name = "a_normal";
            desc.attrs[2].base_type = SG_SHADERATTRBASETYPE_FLOAT;
            desc.attrs[2].glsl_name = "a_color";
            desc.uniform_blocks[0].stage = SG_SHADERSTAGE_VERTEX;
            desc.uniform_blocks[0].layout = SG_UNIFORMLAYOUT_STD140;
            desc.uniform_blocks[0].size = 112;
            desc.uniform_blocks[0].glsl_uniforms[0].type = SG_UNIFORMTYPE_FLOAT4;
            desc.uniform_blocks[0].glsl_uniforms[0].array_count = 7;
            desc.uniform_blocks[0].glsl_uniforms[0].glsl_name = "planet_vs_params";
            desc.uniform_blocks[1].stage = SG_SHADERSTAGE_FRAGMENT;
            desc.uniform_blocks[1].layout = SG_UNIFORMLAYOUT_STD140;
            desc.uniform_blocks[1].size = 48;
            desc.uniform_blocks[1].glsl_uniforms[0].type = SG_UNIFORMTYPE_FLOAT4;
            desc.uniform_blocks[1].glsl_uniforms[0].array_count = 3;
            desc.uniform_blocks[1].glsl_uniforms[0].glsl_name = "planet_fs_params";
            desc.label = "planet_shader";
        }
        return &desc;
    }
    if (backend == SG_BACKEND_D3D11) {
        static sg_shader_desc desc;
        static bool valid;
        if (!valid) {
            valid = true;
            desc.vertex_func.source = (const char*)planet_vs_source_hlsl5;
            desc.vertex_func.d3d11_target = "vs_5_0";
            desc.vertex_func.entry = "main";
            desc.fragment_func.source = (const char*)planet_fs_source_hlsl5;
            desc.fragment_func.d3d11_target = "ps_5_0";
            desc.fragment_func.entry = "main";
            desc.attrs[0].base_type = SG_SHADERATTRBASETYPE_FLOAT;
            desc.attrs[0].hlsl_sem_name = "TEXCOORD";
            desc.attrs[0].hlsl_sem_index = 0;
            desc.attrs[1].base_type = SG_SHADERATTRBASETYPE_FLOAT;
            desc.attrs[1].hlsl_sem_name = "TEXCOORD";
            desc.attrs[1].hlsl_sem_index = 1;
            desc.attrs[2].base_type = SG_SHADERATTRBASETYPE_FLOAT;
            desc.attrs[2].hlsl_sem_name = "TEXCOORD";
            desc.attrs[2].hlsl_sem_index = 2;
            desc.uniform_blocks[0].stage = SG_SHADERSTAGE_VERTEX;
            desc.uniform_blocks[0].layout = SG_UNIFORMLAYOUT_STD140;
            desc.uniform_blocks[0].size = 112;
            desc.uniform_blocks[0].hlsl_register_b_n = 0;
            desc.uniform_blocks[1].stage = SG_SHADERSTAGE_FRAGMENT;
            desc.uniform_blocks[1].layout = SG_UNIFORMLAYOUT_STD140;
            desc.uniform_blocks[1].size = 48;
            desc.uniform_blocks[1].hlsl_register_b_n = 1;
            desc.label = "planet_shader";
        }
        return &desc;
    }
    if (backend == SG_BACKEND_METAL_MACOS) {
        static sg_shader_desc desc;
        static bool valid;
        if (!valid) {
            valid = true;
            desc.vertex_func.source = (const char*)planet_vs_source_metal_macos;
            desc.vertex_func.entry = "main0";
            desc.fragment_func.source = (const char*)planet_fs_source_metal_macos;
            desc.fragment_func.entry = "main0";
            desc.attrs[0].base_type = SG_SHADERATTRBASETYPE_FLOAT;
            desc.attrs[1].base_type = SG_SHADERATTRBASETYPE_FLOAT;
            desc.attrs[2].base_type = SG_SHADERATTRBASETYPE_FLOAT;
            desc.uniform_blocks[0].stage = SG_SHADERSTAGE_VERTEX;
            desc.uniform_blocks[0].layout = SG_UNIFORMLAYOUT_STD140;
            desc.uniform_blocks[0].size = 112;
            desc.uniform_blocks[0].msl_buffer_n = 0;
            desc.uniform_blocks[1].stage = SG_SHADERSTAGE_FRAGMENT;
            desc.uniform_blocks[1].layout = SG_UNIFORMLAYOUT_STD140;
            desc.uniform_blocks[1].size = 48;
            desc.uniform_blocks[1].msl_buffer_n = 1;
            desc.label = "planet_shader";
        }
        return &desc;
    }
    if (backend == SG_BACKEND_WGPU) {
        static sg_shader_desc desc;
        static bool valid;
        if (!valid) {
            valid = true;
            desc.vertex_func.source = (const char*)planet_vs_source_wgsl;
            desc.vertex_func.entry = "main";
            desc.fragment_func.source = (const char*)planet_fs_source_wgsl;
            desc.fragment_func.entry = "main";
            desc.attrs[0].base_type = SG_SHADERATTRBASETYPE_FLOAT;
            desc.attrs[1].base_type = SG_SHADERATTRBASETYPE_FLOAT;
            desc.attrs[2].base_type = SG_SHADERATTRBASETYPE_FLOAT;
            desc.uniform_blocks[0].stage = SG_SHADERSTAGE_VERTEX;
            desc.uniform_blocks[0].layout = SG_UNIFORMLAYOUT_STD140;
            desc.uniform_blocks[0].size = 112;
            desc.uniform_blocks[0].wgsl_group0_binding_n = 0;
            desc.uniform_blocks[1].stage = SG_SHADERSTAGE_FRAGMENT;
            desc.uniform_blocks[1].layout = SG_UNIFORMLAYOUT_STD140;
            desc.uniform_blocks[1].size = 48;
            desc.uniform_blocks[1].wgsl_group0_binding_n = 1;
            desc.label = "planet_shader";
        }
        return &desc;
    }
    return 0;
}
